NO,category,Movie Name,File Size,Video Size,Video Length,Video Rate,Subtitle,File Name,filesize,disk
1,M1905电影网,1942雾都大曝光, 298 MiB,720 * 448, 1h 28mn,473 Kbps,无字幕或内嵌字幕,1942雾都大曝光.flv,0,中国电影2
2,M1905电影网,51号兵站, 387 MiB,720 * 576, 1h 34mn,573 Kbps,无字幕或内嵌字幕,51号兵站.flv,0,中国电影2
3,M1905电影网,A面B面, 405 MiB,720 * 448, 1h 35mn,591 Kbps,无字幕或内嵌字幕,A面B面.flv,0,中国电影2
4,M1905电影网,丁龙镇, 647 MiB,1280 * 996, 1h 29mn,1011 Kbps,无字幕或内嵌字幕,丁龙镇.flv,0,中国电影2
5,M1905电影网,不拘小节的人, 337 MiB,720 * 576, 52mn 15s,903 Kbps,无字幕或内嵌字幕,不拘小节的人.flv,0,中国电影2
6,M1905电影网,不该凋谢的玫瑰, 310 MiB,720 * 576, 1h 31mn,473 Kbps,无字幕或内嵌字幕,不该凋谢的玫瑰.flv,0,中国电影2
7,M1905电影网,东厂喋血, 674 MiB,1280 * 856, 1h 33mn,1009 Kbps,无字幕或内嵌字幕,东厂喋血.flv,0,中国电影2
8,M1905电影网,东归英雄传, 506 MiB,720 * 576, 1h 18mn,903 Kbps,无字幕或内嵌字幕,东归英雄传.flv,0,中国电影2
9,M1905电影网,东进序曲, 625 MiB,720 * 576, 1h 36mn,901 Kbps,无字幕或内嵌字幕,东进序曲.flv,0,中国电影2
10,M1905电影网,丰收之后, 763 MiB,1280 * 996, 1h 45mn,1011 Kbps,无字幕或内嵌字幕,丰收之后.flv,0,中国电影2
11,M1905电影网,丹凤朝阳, 740 MiB,1280 * 1008, 1h 43mn,1003 Kbps,无字幕或内嵌字幕,丹凤朝阳.flv,0,中国电影2
12,M1905电影网,丹心谱, 655 MiB,720 * 448, 1h 41mn,903 Kbps,无字幕或内嵌字幕,丹心谱.flv,0,中国电影2
13,M1905电影网,二百五小传, 666 MiB,1280 * 984, 1h 32mn,1006 Kbps,无字幕或内嵌字幕,二百五小传.flv,0,中国电影2
14,M1905电影网,仇中仇, 601 MiB,1920 * 816, 1h 33mn,903 Kbps,无字幕或内嵌字幕,仇中仇.flv,0,中国电影2
15,M1905电影网,代号美洲豹, 260 MiB,720 * 448, 1h 16mn,473 Kbps,无字幕或内嵌字幕,代号美洲豹.flv,0,中国电影2
16,M1905电影网,伏虎擒恶, 594 MiB,1280 * 714, 1h 22mn,1006 Kbps,无字幕或内嵌字幕,伏虎擒恶.flv,0,中国电影2
17,M1905电影网,伏虎铁鹰, 639 MiB,1280 * 562, 1h 29mn,999 Kbps,无字幕或内嵌字幕,伏虎铁鹰.flv,0,中国电影2
18,M1905电影网,保密局的枪声, 817 MiB,1280 * 938, 1h 53mn,1009 Kbps,无字幕或内嵌字幕,保密局的枪声.flv,0,中国电影2
19,M1905电影网,傣女情恨, 625 MiB,1280 * 738, 1h 26mn,1006 Kbps,无字幕或内嵌字幕,傣女情恨.flv,0,中国电影2
20,M1905电影网,儿子媳妇和老娘, 570 MiB,720 * 448, 1h 28mn,902 Kbps,无字幕或内嵌字幕,儿子媳妇和老娘.flv,0,中国电影2
21,M1905电影网,光的棍, 638 MiB,1280 * 628, 1h 29mn,1001 Kbps,无字幕或内嵌字幕,光的棍.flv,0,中国电影2
22,M1905电影网,党的女儿, 369 MiB,720 * 576, 1h 29mn,573 Kbps,无字幕或内嵌字幕,党的女儿.flv,0,中国电影2
23,M1905电影网,八卦莲花掌, 573 MiB,1280 * 720, 1h 28mn,902 Kbps,无字幕或内嵌字幕,八卦莲花掌.flv,0,中国电影2
24,M1905电影网,八女投江, 720 MiB,1280 * 548, 1h 40mn,1006 Kbps,无字幕或内嵌字幕,八女投江.flv,0,中国电影2
25,M1905电影网,关东女侠, 616 MiB,1280 * 714, 1h 25mn,1002 Kbps,无字幕或内嵌字幕,关东女侠.flv,0,中国电影2
26,M1905电影网,兵临绝境, 589 MiB,1280 * 666, 1h 21mn,1013 Kbps,无字幕或内嵌字幕,兵临绝境.flv,0,中国电影2
27,M1905电影网,冰山上的来客, 779 MiB,720 * 576, 1h 41mn,1073 Kbps,无字幕或内嵌字幕,冰山上的来客.flv,0,中国电影2
28,M1905电影网,冰雪金达莱, 679 MiB,1280 * 1070, 1h 33mn,1010 Kbps,无字幕或内嵌字幕,冰雪金达莱.flv,0,中国电影2
29,M1905电影网,冲出死亡营, 647 MiB,1280 * 738, 1h 29mn,1008 Kbps,无字幕或内嵌字幕,冲出死亡营.flv,0,中国电影2
30,M1905电影网,刀光虎影, 606 MiB,1280 * 984, 1h 24mn,1006 Kbps,无字幕或内嵌字幕,刀光虎影.flv,0,中国电影2
31,M1905电影网,分水岭, 625 MiB,1280 * 962, 1h 26mn,1006 Kbps,无字幕或内嵌字幕,分水岭.flv,0,中国电影2
32,M1905电影网,刺夜, 610 MiB,1920 * 824, 1h 34mn,903 Kbps,无字幕或内嵌字幕,刺夜.flv,0,中国电影2
33,M1905电影网,刺杀汪精卫, 610 MiB,1280 * 578, 1h 24mn,1012 Kbps,无字幕或内嵌字幕,刺杀汪精卫.flv,0,中国电影2
34,M1905电影网,北京你早, 335 MiB,720 * 448, 1h 39mn,472 Kbps,无字幕或内嵌字幕,北京你早.flv,0,中国电影2
35,M1905电影网,北京小妞, 304 MiB,720 * 576, 1h 29mn,473 Kbps,无字幕或内嵌字幕,北京小妞.flv,0,中国电影2
36,M1905电影网,北国江南, 854 MiB,1280 * 970, 1h 57mn,1012 Kbps,无字幕或内嵌字幕,北国江南.flv,0,中国电影2
37,M1905电影网,北斗（上）, 577 MiB,1280 * 984, 1h 19mn,1019 Kbps,无字幕或内嵌字幕,北斗（上）.flv,0,中国电影2
38,M1905电影网,北斗（下）, 598 MiB,1280 * 984, 1h 23mn,1001 Kbps,无字幕或内嵌字幕,北斗（下）.flv,0,中国电影2
39,M1905电影网,变脸, 701 MiB,1280 * 810, 1h 36mn,1012 Kbps,无字幕或内嵌字幕,变脸.flv,0,中国电影2
40,M1905电影网,古墓荒斋, 692 MiB,1280 * 714, 1h 35mn,1011 Kbps,无字幕或内嵌字幕,古墓荒斋.flv,0,中国电影2
41,M1905电影网,古宅魅影, 328 MiB,720 * 448, 1h 20mn,571 Kbps,无字幕或内嵌字幕,古宅魅影.flv,0,中国电影2
42,M1905电影网,古镇情, 496 MiB,1280 * 720, 1h 16mn,903 Kbps,无字幕或内嵌字幕,古镇情.flv,0,中国电影2
43,M1905电影网,古龙镇谍影, 593 MiB,1280 * 544, 1h 31mn,903 Kbps,无字幕或内嵌字幕,古龙镇谍影.flv,0,中国电影2
44,M1905电影网,叱咤香洲叶剑英, 325 MiB,720 * 448, 1h 35mn,473 Kbps,无字幕或内嵌字幕,叱咤香洲叶剑英.flv,0,中国电影2
45,M1905电影网,喋血嘉陵江, 604 MiB,1280 * 714, 1h 24mn,1004 Kbps,无字幕或内嵌字幕,喋血嘉陵江.flv,0,中国电影2
46,M1905电影网,喋血金兰, 629 MiB,1280 * 710, 1h 27mn,1006 Kbps,无字幕或内嵌字幕,喋血金兰.flv,0,中国电影2
47,M1905电影网,喋血黑谷, 642 MiB,1280 * 606, 1h 29mn,1002 Kbps,无字幕或内嵌字幕,喋血黑谷.flv,0,中国电影2
48,M1905电影网,国歌, 829 MiB,1280 * 564, 1h 54mn,1009 Kbps,无字幕或内嵌字幕,国歌.flv,0,中国电影2
49,M1905电影网,国际大营救, 731 MiB,1280 * 480, 1h 41mn,1010 Kbps,无字幕或内嵌字幕,国际大营救.flv,0,中国电影2
50,M1905电影网,地下航线, 670 MiB,720 * 576, 1h 43mn,901 Kbps,无字幕或内嵌字幕,地下航线.flv,0,中国电影2
51,M1905电影网,地下追击, 576 MiB,1280 * 720, 1h 29mn,903 Kbps,无字幕或内嵌字幕,地下追击.flv,0,中国电影2
52,M1905电影网,地狱山庄, 326 MiB,720 * 576, 1h 36mn,473 Kbps,无字幕或内嵌字幕,地狱山庄.flv,0,中国电影2
53,M1905电影网,复仇大世界, 550 MiB,1280 * 720, 1h 28mn,868 Kbps,无字幕或内嵌字幕,复仇大世界.flv,0,中国电影2
54,M1905电影网,复仇者, 600 MiB,1280 * 722, 1h 23mn,1008 Kbps,无字幕或内嵌字幕,复仇者.flv,0,中国电影2
55,M1905电影网,大围捕, 518 MiB,1280 * 720, 1h 20mn,900 Kbps,无字幕或内嵌字幕,大围捕.flv,0,中国电影2
56,M1905电影网,大年三十儿, 306 MiB,720 * 448, 1h 30mn,473 Kbps,无字幕或内嵌字幕,大年三十儿.flv,0,中国电影2
57,M1905电影网,大李小李和老李, 590 MiB,1280 * 974, 1h 22mn,1005 Kbps,无字幕或内嵌字幕,大李小李和老李.flv,0,中国电影2
58,M1905电影网,大清炮队, 710 MiB,1280 * 738, 1h 38mn,1008 Kbps,无字幕或内嵌字幕,大清炮队.flv,0,中国电影2
59,M1905电影网,大渡河, 643 MiB,720 * 576, 1h 39mn,902 Kbps,无字幕或内嵌字幕,大渡河.flv,0,中国电影2
60,M1905电影网,大漠双雄, 567 MiB,720 * 448, 1h 27mn,903 Kbps,无字幕或内嵌字幕,大漠双雄.flv,0,中国电影2
61,M1905电影网,大荒野, 617 MiB,1280 * 704, 1h 25mn,1007 Kbps,无字幕或内嵌字幕,大荒野.flv,0,中国电影2
62,M1905电影网,大虎, 322 MiB,720 * 576, 1h 35mn,473 Kbps,无字幕或内嵌字幕,大虎.flv,0,中国电影2
63,M1905电影网,大辽太后, 613 MiB,1280 * 722, 1h 24mn,1013 Kbps,无字幕或内嵌字幕,大辽太后.flv,0,中国电影2
64,M1905电影网,大鸿米店, 783 MiB,1280 * 784, 1h 48mn,1006 Kbps,无字幕或内嵌字幕,大鸿米店.flv,0,中国电影2
65,M1905电影网,夺印, 620 MiB,1280 * 962, 1h 26mn,1006 Kbps,无字幕或内嵌字幕,夺印.flv,0,中国电影2
66,M1905电影网,夺宝, 366 MiB,720 * 448, 1h 32mn,551 Kbps,无字幕或内嵌字幕,夺宝.flv,0,中国电影2
67,M1905电影网,夺樽, 639 MiB,1280 * 714, 1h 29mn,1000 Kbps,无字幕或内嵌字幕,夺樽.flv,0,中国电影2
68,M1905电影网,姑苏一怪, 642 MiB,1280 * 544, 1h 29mn,1006 Kbps,无字幕或内嵌字幕,姑苏一怪.flv,0,中国电影2
69,M1905电影网,孤岛情报战, 288 MiB,720 * 448, 1h 25mn,473 Kbps,无字幕或内嵌字幕,孤岛情报战.flv,0,中国电影2
70,M1905电影网,孤岛秘密战, 528 MiB,720 * 448, 1h 22mn,892 Kbps,无字幕或内嵌字幕,孤岛秘密战.flv,0,中国电影2
71,M1905电影网,孤注一掷, 650 MiB,1280 * 714, 1h 29mn,1015 Kbps,无字幕或内嵌字幕,孤注一掷.flv,0,中国电影2
72,M1905电影网,宝葫芦的秘密, 438 MiB,1920 * 1460, 1h 7mn,903 Kbps,无字幕或内嵌字幕,宝葫芦的秘密.flv,0,中国电影2
73,M1905电影网,宫廷斗鸡, 618 MiB,1280 * 710, 1h 25mn,1015 Kbps,无字幕或内嵌字幕,宫廷斗鸡.flv,0,中国电影2
74,M1905电影网,巴山红浪, 660 MiB,1280 * 996, 1h 32mn,998 Kbps,无字幕或内嵌字幕,巴山红浪.flv,0,中国电影2
75,M1905电影网,巴陵窃贼, 703 MiB,1280 * 548, 1h 37mn,1007 Kbps,无字幕或内嵌字幕,巴陵窃贼.flv,0,中国电影2
76,M1905电影网,带兵的人, 714 MiB,1280 * 962, 1h 39mn,1007 Kbps,无字幕或内嵌字幕,带兵的人.flv,0,中国电影2
77,M1905电影网,弹道无痕, 653 MiB,1280 * 692, 1h 30mn,1013 Kbps,无字幕或内嵌字幕,弹道无痕.flv,0,中国电影2
78,M1905电影网,当代人, 618 MiB,720 * 448, 1h 35mn,903 Kbps,无字幕或内嵌字幕,当代人.flv,0,中国电影2
79,M1905电影网,怪侠, 545 MiB,1280 * 720, 1h 24mn,902 Kbps,无字幕或内嵌字幕,怪侠.flv,0,中国电影2
80,M1905电影网,恩仇劫, 636 MiB,1280 * 714, 1h 29mn,995 Kbps,无字幕或内嵌字幕,恩仇劫.flv,0,中国电影2
81,M1905电影网,悲情布鲁克, 608 MiB,1280 * 544, 1h 23mn,1019 Kbps,无字幕或内嵌字幕,悲情布鲁克.flv,0,中国电影2
82,M1905电影网,戈壁恩仇录, 560 MiB,720 * 576, 1h 26mn,902 Kbps,无字幕或内嵌字幕,戈壁恩仇录.flv,0,中国电影2
83,M1905电影网,戈壁来客, 647 MiB,1280 * 752, 1h 29mn,1006 Kbps,无字幕或内嵌字幕,戈壁来客.flv,0,中国电影2
84,M1905电影网,报仇, 527 MiB,720 * 448, 1h 21mn,903 Kbps,无字幕或内嵌字幕,报仇.flv,0,中国电影2
85,M1905电影网,拂晓枪声, 293 MiB,720 * 448, 1h 26mn,473 Kbps,无字幕或内嵌字幕,拂晓枪声.flv,0,中国电影2
86,M1905电影网,拂晓的爆炸, 682 MiB,1280 * 744, 1h 34mn,1007 Kbps,无字幕或内嵌字幕,拂晓的爆炸.flv,0,中国电影2
87,M1905电影网,敌后武工队, 896 MiB,1280 * 692, 2h 18mn,903 Kbps,无字幕或内嵌字幕,敌后武工队.flv,0,中国电影2
88,M1905电影网,春催桃李, 651 MiB,1280 * 996, 1h 30mn,1001 Kbps,无字幕或内嵌字幕,春催桃李.flv,0,中国电影2
89,M1905电影网,春暖花开, 600 MiB,720 * 576, 1h 32mn,903 Kbps,无字幕或内嵌字幕,春暖花开.flv,0,中国电影2
90,M1905电影网,春眠不觉晓, 698 MiB,720 * 448, 1h 48mn,902 Kbps,无字幕或内嵌字幕,春眠不觉晓.flv,0,中国电影2
91,M1905电影网,暴风中的雄鹰, 648 MiB,720 * 576, 1h 40mn,903 Kbps,无字幕或内嵌字幕,暴风中的雄鹰.flv,0,中国电影2
92,M1905电影网,杜鹃花飞, 645 MiB,1280 * 714, 1h 28mn,1021 Kbps,无字幕或内嵌字幕,杜鹃花飞.flv,0,中国电影2
93,M1905电影网,步入辉煌, 730 MiB,1280 * 688, 1h 41mn,1008 Kbps,无字幕或内嵌字幕,步入辉煌.flv,0,中国电影2
94,M1905电影网,残团, 546 MiB,1280 * 544, 1h 24mn,903 Kbps,无字幕或内嵌字幕,残团.flv,0,中国电影2
95,M1905电影网,毒吻, 307 MiB,720 * 448, 1h 30mn,473 Kbps,无字幕或内嵌字幕,毒吻.flv,0,中国电影2
96,M1905电影网,洞箫横吹, 654 MiB,1280 * 996, 1h 30mn,1011 Kbps,无字幕或内嵌字幕,洞箫横吹.flv,0,中国电影2
97,M1905电影网,港客谋杀案, 599 MiB,1280 * 722, 1h 23mn,1008 Kbps,无字幕或内嵌字幕,港客谋杀案.flv,0,中国电影2
98,M1905电影网,点燃朝霞的人, 647 MiB,720 * 576, 1h 40mn,903 Kbps,无字幕或内嵌字幕,点燃朝霞的人.flv,0,中国电影2
99,M1905电影网,烽火列车, 662 MiB,1280 * 984, 1h 32mn,1006 Kbps,无字幕或内嵌字幕,烽火列车.flv,0,中国电影2
100,M1905电影网,烽火岁月, 599 MiB,1280 * 720, 1h 33mn,900 Kbps,无字幕或内嵌字幕,烽火岁月.flv,0,中国电影2
101,M1905电影网,爱情傻瓜(北影1993), 639 MiB,1280 * 738, 1h 28mn,1014 Kbps,无字幕或内嵌字幕,爱情傻瓜(北影1993).flv,0,中国电影2
102,M1905电影网,爱情命运号, 588 MiB,1920 * 1080, 1h 31mn,903 Kbps,无字幕或内嵌字幕,爱情命运号.flv,0,中国电影2
103,M1905电影网,爱的延续, 599 MiB,1280 * 714, 1h 24mn,995 Kbps,无字幕或内嵌字幕,爱的延续.flv,0,中国电影2
104,M1905电影网,父亲是座山, 300 MiB,720 * 448, 1h 28mn,473 Kbps,无字幕或内嵌字幕,父亲是座山.flv,0,中国电影2
105,M1905电影网,父子婚事, 634 MiB,1280 * 752, 1h 27mn,1012 Kbps,无字幕或内嵌字幕,父子婚事.flv,0,中国电影2
106,M1905电影网,独立大队, 779 MiB,1280 * 984, 1h 47mn,1015 Kbps,无字幕或内嵌字幕,独立大队.flv,0,中国电影2
107,M1905电影网,独身女人, 418 MiB,720 * 448, 1h 38mn,591 Kbps,无字幕或内嵌字幕,独身女人.flv,0,中国电影2
108,M1905电影网,瓜熟蒂落, 627 MiB,1280 * 832, 1h 27mn,1007 Kbps,无字幕或内嵌字幕,瓜熟蒂落.flv,0,中国电影2
109,M1905电影网,疯狂的代价, 662 MiB,1280 * 714, 1h 31mn,1008 Kbps,无字幕或内嵌字幕,疯狂的代价.flv,0,中国电影2
110,M1905电影网,疯狂的玫瑰, 576 MiB,1280 * 720, 1h 29mn,901 Kbps,无字幕或内嵌字幕,疯狂的玫瑰.flv,0,中国电影2
111,M1905电影网,白山黑水, 1.09 GiB,1280 * 556, 2h 35mn,1006 Kbps,无字幕或内嵌字幕,白山黑水.flv,0,中国电影2
112,M1905电影网,白日女鬼, 289 MiB,720 * 448, 1h 25mn,473 Kbps,无字幕或内嵌字幕,白日女鬼.flv,0,中国电影2
113,M1905电影网,白秋练, 610 MiB,1280 * 720, 1h 37mn,873 Kbps,无字幕或内嵌字幕,白秋练.flv,0,中国电影2
114,M1905电影网,白粉妹, 615 MiB,720 * 448, 1h 36mn,892 Kbps,无字幕或内嵌字幕,白粉妹.flv,0,中国电影2
115,M1905电影网,白衣侠女, 645 MiB,1280 * 744, 1h 28mn,1017 Kbps,无字幕或内嵌字幕,白衣侠女.flv,0,中国电影2
116,M1905电影网,白马飞飞, 776 MiB,1280 * 710, 1h 48mn,1000 Kbps,无字幕或内嵌字幕,白马飞飞.flv,0,中国电影2
117,M1905电影网,百团大战, 767 MiB,1280 * 532, 1h 47mn,1002 Kbps,无字幕或内嵌字幕,百团大战.flv,0,中国电影2
118,M1905电影网,的士情缘, 639 MiB,1280 * 700, 1h 28mn,1006 Kbps,无字幕或内嵌字幕,的士情缘.flv,0,中国电影2
119,M1905电影网,碧血宝刀, 570 MiB,1280 * 720, 1h 28mn,903 Kbps,无字幕或内嵌字幕,碧血宝刀.flv,0,中国电影2
120,M1905电影网,碧血狂龙, 573 MiB,720 * 576, 1h 28mn,902 Kbps,无字幕或内嵌字幕,碧血狂龙.flv,0,中国电影2
121,M1905电影网,福尔摩斯与中国女侠, 610 MiB,1280 * 714, 1h 24mn,1005 Kbps,无字幕或内嵌字幕,福尔摩斯与中国女侠.flv,0,中国电影2
122,M1905电影网,第三个被谋杀者, 729 MiB,1280 * 726, 1h 40mn,1016 Kbps,无字幕或内嵌字幕,第三个被谋杀者.flv,0,中国电影2
123,M1905电影网,筏子客, 653 MiB,1280 * 722, 1h 30mn,1013 Kbps,无字幕或内嵌字幕,筏子客.flv,0,中国电影2
124,M1905电影网,绑票, 719 MiB,1280 * 732, 1h 39mn,1014 Kbps,无字幕或内嵌字幕,绑票.flv,0,中国电影2
125,M1905电影网,给您道喜啦（长影1999）-电影网, 620 MiB,1280 * 714, 1h 25mn,1014 Kbps,无字幕或内嵌字幕,给您道喜啦（长影1999）-电影网.flv,0,中国电影2
126,M1905电影网,肝胆相照, 797 MiB,1280 * 714, 1h 49mn,1015 Kbps,无字幕或内嵌字幕,肝胆相照.flv,0,中国电影2
127,M1905电影网,茶王, 575 MiB,1280 * 722, 1h 29mn,902 Kbps,无字幕或内嵌字幕,茶王.flv,0,中国电影2
128,M1905电影网,草原雄鹰, 618 MiB,1280 * 984, 1h 26mn,999 Kbps,无字幕或内嵌字幕,草原雄鹰.flv,0,中国电影2
129,M1905电影网,草原风暴, 671 MiB,1280 * 1070, 1h 33mn,1008 Kbps,无字幕或内嵌字幕,草原风暴.flv,0,中国电影2
130,M1905电影网,被爱情遗忘的角落, 310 MiB,720 * 576, 1h 31mn,473 Kbps,无字幕或内嵌字幕,被爱情遗忘的角落.flv,0,中国电影2
131,M1905电影网,豺狼入室, 584 MiB,1280 * 710, 1h 20mn,1010 Kbps,无字幕或内嵌字幕,豺狼入室.flv,0,中国电影2
132,M1905电影网,财迷心窍, 329 MiB,720 * 448, 1h 37mn,473 Kbps,无字幕或内嵌字幕,财迷心窍.flv,0,中国电影2
133,M1905电影网,赌王出山, 544 MiB,720 * 448, 1h 24mn,902 Kbps,无字幕或内嵌字幕,赌王出山.flv,0,中国电影2
134,M1905电影网,赣水苍茫, 804 MiB,1280 * 1008, 1h 52mn,1003 Kbps,无字幕或内嵌字幕,赣水苍茫.flv,0,中国电影2
135,M1905电影网,赤峰号, 453 MiB,720 * 576, 1h 10mn,903 Kbps,无字幕或内嵌字幕,赤峰号.flv,0,中国电影2
136,M1905电影网,边寨烽火, 537 MiB,720 * 576, 1h 23mn,903 Kbps,无字幕或内嵌字幕,边寨烽火.flv,0,中国电影2
137,M1905电影网,都市女警官, 315 MiB,720 * 448, 1h 33mn,473 Kbps,无字幕或内嵌字幕,都市女警官.flv,0,中国电影2
138,M1905电影网,都市红尘, 322 MiB,720 * 448, 1h 35mn,473 Kbps,无字幕或内嵌字幕,都市红尘.flv,0,中国电影2
139,M1905电影网,都市里的村庄, 682 MiB,720 * 336, 1h 45mn,903 Kbps,无字幕或内嵌字幕,都市里的村庄.flv,0,中国电影2
140,M1905电影网,鄂尔多斯风暴, 622 MiB,1280 * 962, 1h 26mn,1008 Kbps,无字幕或内嵌字幕,鄂尔多斯风暴.flv,0,中国电影2
141,M1905电影网,钢铁战士, 324 MiB,720 * 576, 1h 35mn,473 Kbps,无字幕或内嵌字幕,钢铁战士.flv,0,中国电影2
142,M1905电影网,镖王, 713 MiB,1280 * 828, 1h 38mn,1012 Kbps,无字幕或内嵌字幕,镖王.flv,0,中国电影2
143,M1905电影网,长城大决战, 513 MiB,720 * 448, 1h 22mn,873 Kbps,无字幕或内嵌字幕,长城大决战.flv,0,中国电影2
144,M1905电影网,闯入者, 574 MiB,720 * 448, 1h 29mn,902 Kbps,无字幕或内嵌字幕,闯入者.flv,0,中国电影2
145,M1905电影网,阿佤山, 624 MiB,1280 * 548, 1h 36mn,902 Kbps,无字幕或内嵌字幕,阿佤山.flv,0,中国电影2
146,M1905电影网,阿妹的诺言, 324 MiB,720 * 448, 1h 35mn,473 Kbps,无字幕或内嵌字幕,阿妹的诺言.flv,0,中国电影2
147,M1905电影网,阿娜尔罕, 700 MiB,1280 * 984, 1h 36mn,1012 Kbps,无字幕或内嵌字幕,阿娜尔罕.flv,0,中国电影2
148,M1905电影网,阿曼尼萨罕, 633 MiB,720 * 448, 1h 38mn,903 Kbps,无字幕或内嵌字幕,阿曼尼萨罕.flv,0,中国电影2
149,M1905电影网,非完美交易, 610 MiB,1280 * 576, 1h 34mn,904 Kbps,无字幕或内嵌字幕,非完美交易.flv,0,中国电影2
150,M1905电影网,非常营救, 548 MiB,1280 * 548, 1h 24mn,902 Kbps,无字幕或内嵌字幕,非常营救.flv,0,中国电影2
151,M1905电影网,风尘三千里, 583 MiB,720 * 448, 1h 31mn,892 Kbps,无字幕或内嵌字幕,风尘三千里.flv,0,中国电影2
152,M1905电影网,风流乾隆, 549 MiB,720 * 448, 1h 25mn,892 Kbps,无字幕或内嵌字幕,风流乾隆.flv,0,中国电影2
153,M1905电影网,风流女杰, 605 MiB,1280 * 714, 1h 23mn,1012 Kbps,无字幕或内嵌字幕,风流女杰.flv,0,中国电影2
154,M1905电影网,风流局长, 321 MiB,720 * 448, 1h 34mn,473 Kbps,无字幕或内嵌字幕,风流局长.flv,0,中国电影2
155,M1905电影网,风雨里程, 707 MiB,720 * 576, 1h 49mn,902 Kbps,无字幕或内嵌字幕,风雨里程.flv,0,中国电影2
156,M1905电影网,飞天神鼠, 654 MiB,1920 * 1080, 1h 41mn,903 Kbps,无字幕或内嵌字幕,飞天神鼠.flv,0,中国电影2
157,M1905电影网,飞天蜈蚣, 607 MiB,1280 * 710, 1h 24mn,1009 Kbps,无字幕或内嵌字幕,飞天蜈蚣.flv,0,中国电影2
158,M1905电影网,飞虎队, 622 MiB,1280 * 720, 1h 36mn,903 Kbps,无字幕或内嵌字幕,飞虎队.flv,0,中国电影2
159,M1905电影网,飞虎队谍战, 606 MiB,1280 * 720, 1h 37mn,873 Kbps,无字幕或内嵌字幕,飞虎队谍战.flv,0,中国电影2
160,M1905电影网,飞越危情, 592 MiB,1280 * 714, 1h 22mn,1008 Kbps,无字幕或内嵌字幕,飞越危情.flv,0,中国电影2
161,M1905电影网,飞越天险, 569 MiB,720 * 576, 1h 28mn,902 Kbps,无字幕或内嵌字幕,飞越天险.flv,0,中国电影2
162,M1905电影网,饭局也疯狂, 607 MiB,1280 * 544, 1h 25mn,992 Kbps,无字幕或内嵌字幕,饭局也疯狂.flv,0,中国电影2
163,M1905电影网,高中锋矮教练, 303 MiB,720 * 576, 1h 29mn,473 Kbps,无字幕或内嵌字幕,高中锋矮教练.flv,0,中国电影2
164,M1905电影网,高朋满座, 298 MiB,720 * 448, 1h 27mn,473 Kbps,无字幕或内嵌字幕,高朋满座.flv,0,中国电影2
165,M1905电影网,鬼仙沟, 570 MiB,1280 * 720, 1h 28mn,903 Kbps,无字幕或内嵌字幕,鬼仙沟.flv,0,中国电影2
166,M1905电影网,鬼城凶梦, 338 MiB,720 * 336, 1h 39mn,473 Kbps,无字幕或内嵌字幕,鬼城凶梦.flv,0,中国电影2
167,M1905电影网,鬼城谍变, 628 MiB,1280 * 692, 1h 26mn,1010 Kbps,无字幕或内嵌字幕,鬼城谍变.flv,0,中国电影2
168,M1905电影网,鬼妹, 557 MiB,720 * 448, 1h 26mn,902 Kbps,无字幕或内嵌字幕,鬼妹.flv,0,中国电影2
169,M1905电影网,两个人的战争, 381 MiB,720 * 448, 1h 52mn,473 Kbps,无字幕或内嵌字幕,两个人的战争.flv,0,中国电影2
170,M1905电影网,两个小八路, 687 MiB,1280 * 996, 1h 35mn,1011 Kbps,无字幕或内嵌字幕,两个小八路.flv,0,中国电影2
171,M1905电影网,两个小足球队, 499 MiB,720 * 576, 1h 17mn,903 Kbps,无字幕或内嵌字幕,两个小足球队.flv,0,中国电影2
172,M1905电影网,两个巡逻兵, 559 MiB,720 * 576, 1h 26mn,902 Kbps,无字幕或内嵌字幕,两个巡逻兵.flv,0,中国电影2
173,M1905电影网,两代人, 531 MiB,720 * 576, 1h 22mn,900 Kbps,无字幕或内嵌字幕,两代人.flv,0,中国电影2
174,M1905电影网,买房, 609 MiB,1920 * 1080, 1h 34mn,903 Kbps,无字幕或内嵌字幕,买房.flv,0,中国电影2
175,M1905电影网,乱世瓢丐, 524 MiB,720 * 448, 1h 22mn,891 Kbps,无字幕或内嵌字幕,乱世瓢丐.flv,0,中国电影2
176,M1905电影网,乱世英雄乱世情, 615 MiB,1280 * 606, 1h 25mn,1004 Kbps,无字幕或内嵌字幕,乱世英雄乱世情.flv,0,中国电影2
177,M1905电影网,京城劫盗, 619 MiB,720 * 448, 1h 35mn,903 Kbps,无字幕或内嵌字幕,京城劫盗.flv,0,中国电影2
178,M1905电影网,今夜星光灿烂, 691 MiB,1280 * 962, 1h 35mn,1009 Kbps,无字幕或内嵌字幕,今夜星光灿烂.flv,0,中国电影2
179,M1905电影网,今天我休息, 369 MiB,720 * 576, 1h 27mn,591 Kbps,无字幕或内嵌字幕,今天我休息.flv,0,中国电影2
180,M1905电影网,俊俏媳妇开明婆, 581 MiB,1280 * 720, 1h 29mn,903 Kbps,无字幕或内嵌字幕,俊俏媳妇开明婆.flv,0,中国电影2
181,M1905电影网,倔公公犟媳妇, 679 MiB,1280 * 856, 1h 34mn,1004 Kbps,无字幕或内嵌字幕,倔公公犟媳妇.flv,0,中国电影2
182,M1905电影网,假大侠, 644 MiB,1280 * 738, 1h 28mn,1011 Kbps,无字幕或内嵌字幕,假大侠.flv,0,中国电影2
183,M1905电影网,假如美丽不再, 644 MiB,1280 * 714, 1h 30mn,999 Kbps,无字幕或内嵌字幕,假如美丽不再.flv,0,中国电影2
184,M1905电影网,冒险的美国女人, 645 MiB,1280 * 764, 1h 29mn,1010 Kbps,无字幕或内嵌字幕,冒险的美国女人.flv,0,中国电影2
185,M1905电影网,军事禁区, 640 MiB,1280 * 714, 1h 29mn,1002 Kbps,无字幕或内嵌字幕,军事禁区.flv,0,中国电影2
186,M1905电影网,军列杀出重围, 614 MiB,1280 * 714, 1h 25mn,1001 Kbps,无字幕或内嵌字幕,军列杀出重围.flv,0,中国电影2
187,M1905电影网,军统特遣队, 589 MiB,1280 * 732, 1h 21mn,1006 Kbps,无字幕或内嵌字幕,军统特遣队.flv,0,中国电影2
188,M1905电影网,冥王星行动, 593 MiB,1280 * 714, 1h 22mn,1005 Kbps,无字幕或内嵌字幕,冥王星行动.flv,0,中国电影2
189,M1905电影网,决战天门, 289 MiB,720 * 448, 1h 25mn,473 Kbps,无字幕或内嵌字幕,决战天门.flv,0,中国电影2
190,M1905电影网,决战枭雄, 647 MiB,1280 * 714, 1h 29mn,1007 Kbps,无字幕或内嵌字幕,决战枭雄.flv,0,中国电影2
191,M1905电影网,冷月刀, 199 MiB,1280 * 714, 28mn 17s,985 Kbps,无字幕或内嵌字幕,冷月刀.flv,0,中国电影2
192,M1905电影网,刘伯承市长, 541 MiB,1280 * 720, 1h 23mn,903 Kbps,无字幕或内嵌字幕,刘伯承市长.flv,0,中国电影2
193,M1905电影网,剑吼长城东, 590 MiB,1280 * 744, 1h 21mn,1010 Kbps,无字幕或内嵌字幕,剑吼长城东.flv,0,中国电影2
194,M1905电影网,剑河, 625 MiB,1280 * 544, 1h 27mn,1000 Kbps,无字幕或内嵌字幕,剑河.flv,0,中国电影2
195,M1905电影网,勐垅沙, 583 MiB,720 * 576, 1h 30mn,903 Kbps,无字幕或内嵌字幕,勐垅沙.flv,0,中国电影2
196,M1905电影网,南岛风云, 625 MiB,720 * 576, 1h 36mn,903 Kbps,无字幕或内嵌字幕,南岛风云.flv,0,中国电影2
197,M1905电影网,南岭传奇, 294 MiB,720 * 336, 1h 26mn,473 Kbps,无字幕或内嵌字幕,南岭传奇.flv,0,中国电影2
198,M1905电影网,南海潮, 753 MiB,720 * 576, 1h 56mn,903 Kbps,无字幕或内嵌字幕,南海潮.flv,0,中国电影2
199,M1905电影网,南海的早晨, 625 MiB,1280 * 996, 1h 26mn,1004 Kbps,无字幕或内嵌字幕,南海的早晨.flv,0,中国电影2
200,M1905电影网,即将发出逮捕令, 661 MiB,1280 * 832, 1h 32mn,1002 Kbps,无字幕或内嵌字幕,即将发出逮捕令.flv,0,中国电影2
201,M1905电影网,可爱的中国, 627 MiB,1280 * 720, 1h 37mn,900 Kbps,无字幕或内嵌字幕,可爱的中国.flv,0,中国电影2
202,M1905电影网,吉鸿昌（上）, 693 MiB,1280 * 984, 1h 35mn,1012 Kbps,无字幕或内嵌字幕,吉鸿昌（上）.flv,0,中国电影2
203,M1905电影网,吉鸿昌（下）, 548 MiB,1280 * 984, 1h 16mn,1004 Kbps,无字幕或内嵌字幕,吉鸿昌（下）.flv,0,中国电影2
204,M1905电影网,命夺黄金图, 610 MiB,1280 * 744, 1h 24mn,1009 Kbps,无字幕或内嵌字幕,命夺黄金图.flv,0,中国电影2
205,M1905电影网,哈尔滨大谋杀, 665 MiB,1280 * 710, 1h 32mn,1008 Kbps,无字幕或内嵌字幕,哈尔滨大谋杀.flv,0,中国电影2
206,M1905电影网,哭笑不得, 336 MiB,720 * 448, 1h 39mn,473 Kbps,无字幕或内嵌字幕,哭笑不得.flv,0,中国电影2
207,M1905电影网,嘉陵江边, 526 MiB,720 * 576, 1h 21mn,903 Kbps,无字幕或内嵌字幕,嘉陵江边.flv,0,中国电影2
208,M1905电影网,回民支队, 659 MiB,720 * 576, 1h 42mn,900 Kbps,无字幕或内嵌字幕,回民支队.flv,0,中国电影2
209,M1905电影网,女交通员, 282 MiB,720 * 576, 1h 23mn,473 Kbps,无字幕或内嵌字幕,女交通员.flv,0,中国电影2
210,M1905电影网,女人TAXI女人, 624 MiB,1280 * 692, 1h 26mn,1005 Kbps,无字幕或内嵌字幕,女人TAXI女人.flv,0,中国电影2
211,M1905电影网,女人四十正芬芳, 570 MiB,1280 * 720, 1h 29mn,893 Kbps,无字幕或内嵌字幕,女人四十正芬芳.flv,0,中国电影2
212,M1905电影网,女人女人, 299 MiB,720 * 448, 1h 28mn,473 Kbps,无字幕或内嵌字幕,女人女人.flv,0,中国电影2
213,M1905电影网,女人河, 579 MiB,1280 * 720, 1h 29mn,902 Kbps,无字幕或内嵌字幕,女人河.flv,0,中国电影2
214,M1905电影网,女刺客, 611 MiB,720 * 336, 1h 34mn,902 Kbps,无字幕或内嵌字幕,女刺客.flv,0,中国电影2
215,M1905电影网,女劫杀, 292 MiB,720 * 448, 1h 26mn,473 Kbps,无字幕或内嵌字幕,女劫杀.flv,0,中国电影2
216,M1905电影网,女囚大队, 658 MiB,1280 * 692, 1h 31mn,1003 Kbps,无字幕或内嵌字幕,女囚大队.flv,0,中国电影2
217,M1905电影网,女头人, 575 MiB,720 * 448, 1h 29mn,902 Kbps,无字幕或内嵌字幕,女头人.flv,0,中国电影2
218,M1905电影网,女子别动队, 549 MiB,720 * 448, 1h 25mn,903 Kbps,无字幕或内嵌字幕,女子别动队.flv,0,中国电影2
219,M1905电影网,女狙击手, 570 MiB,720 * 448, 1h 29mn,891 Kbps,无字幕或内嵌字幕,女狙击手.flv,0,中国电影2
220,M1905电影网,女理发师, 354 MiB,1280 * 984, 49mn 2s,1008 Kbps,无字幕或内嵌字幕,女理发师.flv,0,中国电影2
221,M1905电影网,女社长, 591 MiB,720 * 576, 1h 31mn,903 Kbps,无字幕或内嵌字幕,女社长.flv,0,中国电影2
222,M1905电影网,女神捕之孽缘, 599 MiB,1920 * 1080, 1h 32mn,903 Kbps,无字幕或内嵌字幕,女神捕之孽缘.flv,0,中国电影2
223,M1905电影网,女神探宝盖丁, 671 MiB,1280 * 710, 1h 32mn,1012 Kbps,无字幕或内嵌字幕,女神探宝盖丁.flv,0,中国电影2
224,M1905电影网,女绑架者, 638 MiB,1280 * 732, 1h 28mn,1011 Kbps,无字幕或内嵌字幕,女绑架者.flv,0,中国电影2
225,M1905电影网,妈妈你在哪里, 603 MiB,1280 * 962, 1h 23mn,1011 Kbps,无字幕或内嵌字幕,妈妈你在哪里.flv,0,中国电影2
226,M1905电影网,妈妈要我出嫁, 483 MiB,720 * 576, 1h 14mn,903 Kbps,无字幕或内嵌字幕,妈妈要我出嫁.flv,0,中国电影2
227,M1905电影网,姐妹情仇, 577 MiB,1280 * 738, 1h 19mn,1010 Kbps,无字幕或内嵌字幕,姐妹情仇.flv,0,中国电影2
228,M1905电影网,媚影侠踪, 314 MiB,720 * 448, 1h 32mn,473 Kbps,无字幕或内嵌字幕,媚影侠踪.flv,0,中国电影2
229,M1905电影网,孔雀公主, 732 MiB,720 * 448, 1h 53mn,902 Kbps,无字幕或内嵌字幕,孔雀公主.flv,0,中国电影2
230,M1905电影网,家务清官, 705 MiB,1280 * 732, 1h 37mn,1009 Kbps,无字幕或内嵌字幕,家务清官.flv,0,中国电影2
231,M1905电影网,家庭问题, 653 MiB,1280 * 996, 1h 30mn,1008 Kbps,无字幕或内嵌字幕,家庭问题.flv,0,中国电影2
232,M1905电影网,密令截击, 701 MiB,1280 * 856, 1h 37mn,1002 Kbps,无字幕或内嵌字幕,密令截击.flv,0,中国电影2
233,M1905电影网,康庄大道, 575 MiB,1280 * 984, 1h 19mn,1013 Kbps,无字幕或内嵌字幕,康庄大道.flv,0,中国电影2
234,M1905电影网,快乐时光, 513 MiB,720 * 448, 1h 19mn,903 Kbps,无字幕或内嵌字幕,快乐时光.flv,0,中国电影2
235,M1905电影网,快马加鞭, 553 MiB,720 * 576, 1h 25mn,903 Kbps,无字幕或内嵌字幕,快马加鞭.flv,0,中国电影2
236,M1905电影网,怒海侠盗, 655 MiB,1280 * 700, 1h 30mn,1010 Kbps,无字幕或内嵌字幕,怒海侠盗.flv,0,中国电影2
237,M1905电影网,怒海红颜, 378 MiB,720 * 448, 1h 29mn,591 Kbps,无字幕或内嵌字幕,怒海红颜.flv,0,中国电影2
238,M1905电影网,患难之交, 584 MiB,720 * 576, 1h 30mn,901 Kbps,无字幕或内嵌字幕,患难之交.flv,0,中国电影2
239,M1905电影网,惊喜人生, 606 MiB,1280 * 698, 1h 24mn,1003 Kbps,无字幕或内嵌字幕,惊喜人生.flv,0,中国电影2
240,M1905电影网,惊情神农架, 579 MiB,1920 * 1036, 1h 29mn,903 Kbps,无字幕或内嵌字幕,惊情神农架.flv,0,中国电影2
241,M1905电影网,惊魂桃花党, 288 MiB,720 * 448, 1h 25mn,473 Kbps,无字幕或内嵌字幕,惊魂桃花党.flv,0,中国电影2
242,M1905电影网,换了人间, 602 MiB,720 * 576, 1h 33mn,903 Kbps,无字幕或内嵌字幕,换了人间.flv,0,中国电影2
243,M1905电影网,撼天雷, 687 MiB,1280 * 714, 1h 35mn,1009 Kbps,无字幕或内嵌字幕,撼天雷.flv,0,中国电影2
244,M1905电影网,救命48小时, 573 MiB,720 * 448, 1h 28mn,902 Kbps,无字幕或内嵌字幕,救命48小时.flv,0,中国电影2
245,M1905电影网,旧夫新婚, 311 MiB,720 * 448, 1h 31mn,473 Kbps,无字幕或内嵌字幕,旧夫新婚.flv,0,中国电影2
246,M1905电影网,昆仑山上一棵草, 448 MiB,1280 * 1070, 1h 1mn,1015 Kbps,无字幕或内嵌字幕,昆仑山上一棵草.flv,0,中国电影2
247,M1905电影网,明天回答你, 581 MiB,1280 * 1008, 1h 20mn,1012 Kbps,无字幕或内嵌字幕,明天回答你.flv,0,中国电影2
248,M1905电影网,明天我爱你, 666 MiB,1280 * 722, 1h 33mn,1002 Kbps,无字幕或内嵌字幕,明天我爱你.flv,0,中国电影2
249,M1905电影网,暖情, 549 MiB,1280 * 720, 1h 25mn,903 Kbps,无字幕或内嵌字幕,暖情.flv,0,中国电影2
250,M1905电影网,末代皇后, 715 MiB,1280 * 738, 1h 39mn,1000 Kbps,无字幕或内嵌字幕,末代皇后.flv,0,中国电影2
251,M1905电影网,来的都是客, 619 MiB,720 * 448, 1h 35mn,902 Kbps,无字幕或内嵌字幕,来的都是客.flv,0,中国电影2
252,M1905电影网,极地营救, 580 MiB,1280 * 720, 1h 32mn,872 Kbps,无字幕或内嵌字幕,极地营救.flv,0,中国电影2
253,M1905电影网,林则徐, 423 MiB,720 * 576, 1h 39mn,592 Kbps,无字幕或内嵌字幕,林则徐.flv,0,中国电影2
254,M1905电影网,枯木逢春, 615 MiB,720 * 576, 1h 35mn,903 Kbps,无字幕或内嵌字幕,枯木逢春.flv,0,中国电影2
255,M1905电影网,柯山红日, 683 MiB,720 * 576, 1h 45mn,903 Kbps,无字幕或内嵌字幕,柯山红日.flv,0,中国电影2
256,M1905电影网,柳如是, 672 MiB,1280 * 720, 1h 44mn,903 Kbps,无字幕或内嵌字幕,柳如是.flv,0,中国电影2
257,M1905电影网,柳暗花明(北影1979), 834 MiB,720 * 576, 2h 9mn,902 Kbps,无字幕或内嵌字幕,柳暗花明(北影1979).flv,0,中国电影2
258,M1905电影网,柳湖新颂, 448 MiB,720 * 576, 1h 9mn,903 Kbps,无字幕或内嵌字幕,柳湖新颂.flv,0,中国电影2
259,M1905电影网,核桃树下, 587 MiB,1280 * 720, 1h 30mn,903 Kbps,无字幕或内嵌字幕,核桃树下.flv,0,中国电影2
260,M1905电影网,梅花公馆, 644 MiB,1280 * 714, 1h 28mn,1015 Kbps,无字幕或内嵌字幕,梅花公馆.flv,0,中国电影2
261,M1905电影网,梦幻岛, 607 MiB,1280 * 692, 1h 33mn,903 Kbps,无字幕或内嵌字幕,梦幻岛.flv,0,中国电影2
262,M1905电影网,梦幻田园, 369 MiB,720 * 448, 1h 30mn,571 Kbps,无字幕或内嵌字幕,梦幻田园.flv,0,中国电影2
263,M1905电影网,梦断南洋, 687 MiB,1280 * 714, 1h 34mn,1017 Kbps,无字幕或内嵌字幕,梦断南洋.flv,0,中国电影2
264,M1905电影网,梦断楼兰, 331 MiB,720 * 448, 1h 37mn,473 Kbps,无字幕或内嵌字幕,梦断楼兰.flv,0,中国电影2
265,M1905电影网,欢天喜地, 303 MiB,720 * 448, 1h 29mn,473 Kbps,无字幕或内嵌字幕,欢天喜地.flv,0,中国电影2
266,M1905电影网,歼十出击, 568 MiB,1280 * 720, 1h 30mn,874 Kbps,无字幕或内嵌字幕,歼十出击.flv,0,中国电影2
267,M1905电影网,母亲, 756 MiB,1280 * 984, 1h 44mn,1014 Kbps,无字幕或内嵌字幕,母亲.flv,0,中国电影2
268,M1905电影网,母女教师, 540 MiB,720 * 576, 1h 23mn,903 Kbps,无字幕或内嵌字幕,母女教师.flv,0,中国电影2
269,M1905电影网,母老虎上轿, 675 MiB,1280 * 856, 1h 34mn,1004 Kbps,无字幕或内嵌字幕,母老虎上轿.flv,0,中国电影2
270,M1905电影网,民警故事, 681 MiB,1280 * 716, 1h 34mn,1006 Kbps,无字幕或内嵌字幕,民警故事.flv,0,中国电影2
271,M1905电影网,江南奇冤, 645 MiB,1280 * 752, 1h 29mn,1005 Kbps,无字幕或内嵌字幕,江南奇冤.flv,0,中国电影2
272,M1905电影网,江湖八面风, 555 MiB,1280 * 544, 1h 27mn,887 Kbps,无字幕或内嵌字幕,江湖八面风.flv,0,中国电影2
273,M1905电影网,江湖奇兵, 527 MiB,1920 * 1080, 1h 21mn,902 Kbps,无字幕或内嵌字幕,江湖奇兵.flv,0,中国电影2
274,M1905电影网,江湖妹子, 688 MiB,1280 * 732, 1h 35mn,1012 Kbps,无字幕或内嵌字幕,江湖妹子.flv,0,中国电影2
275,M1905电影网,没有字的信, 680 MiB,1280 * 752, 1h 34mn,1009 Kbps,无字幕或内嵌字幕,没有字的信.flv,0,中国电影2
276,M1905电影网,没有完成的喜剧, 513 MiB,720 * 576, 1h 19mn,903 Kbps,无字幕或内嵌字幕,没有完成的喜剧.flv,0,中国电影2
277,M1905电影网,泥人常传奇, 333 MiB,720 * 336, 1h 38mn,473 Kbps,无字幕或内嵌字幕,泥人常传奇.flv,0,中国电影2
278,M1905电影网,洪拳咏春, 539 MiB,1280 * 720, 1h 23mn,903 Kbps,无字幕或内嵌字幕,洪拳咏春.flv,0,中国电影2
279,M1905电影网,海上风暴, 514 MiB,720 * 576, 1h 19mn,901 Kbps,无字幕或内嵌字幕,海上风暴.flv,0,中国电影2
280,M1905电影网,海神, 744 MiB,1280 * 744, 1h 43mn,1007 Kbps,无字幕或内嵌字幕,海神.flv,0,中国电影2
281,M1905电影网,海魂, 572 MiB,720 * 576, 1h 28mn,903 Kbps,无字幕或内嵌字幕,海魂.flv,0,中国电影2
282,M1905电影网,海鹰, 550 MiB,720 * 576, 1h 25mn,902 Kbps,无字幕或内嵌字幕,海鹰.flv,0,中国电影2
283,M1905电影网,海鹰战警, 647 MiB,1280 * 544, 1h 30mn,1004 Kbps,无字幕或内嵌字幕,海鹰战警.flv,0,中国电影2
284,M1905电影网,满意不满意, 623 MiB,1280 * 970, 1h 25mn,1016 Kbps,无字幕或内嵌字幕,满意不满意.flv,0,中国电影2
285,M1905电影网,满洲虎行动, 666 MiB,1280 * 714, 1h 32mn,1006 Kbps,无字幕或内嵌字幕,满洲虎行动.flv,0,中国电影2
286,M1905电影网,激战前夜, 541 MiB,1280 * 984, 1h 15mn,1007 Kbps,无字幕或内嵌字幕,激战前夜.flv,0,中国电影2
287,M1905电影网,激战无名川, 282 MiB,720 * 576, 1h 23mn,473 Kbps,无字幕或内嵌字幕,激战无名川.flv,0,中国电影2
288,M1905电影网,烈火中永生, 1 003 MiB,1280 * 984, 2h 18mn,1011 Kbps,无字幕或内嵌字幕,烈火中永生.flv,0,中国电影2
289,M1905电影网,燎原, 758 MiB,1280 * 984, 1h 44mn,1015 Kbps,无字幕或内嵌字幕,燎原.flv,0,中国电影2
290,M1905电影网,牧人之子, 662 MiB,720 * 576, 1h 42mn,903 Kbps,无字幕或内嵌字幕,牧人之子.flv,0,中国电影2
291,M1905电影网,牧童投军, 600 MiB,1280 * 984, 1h 22mn,1013 Kbps,无字幕或内嵌字幕,牧童投军.flv,0,中国电影2
292,M1905电影网,狂心灭情, 570 MiB,720 * 448, 1h 29mn,892 Kbps,无字幕或内嵌字幕,狂心灭情.flv,0,中国电影2
293,M1905电影网,狐缘, 603 MiB,1280 * 744, 1h 23mn,1007 Kbps,无字幕或内嵌字幕,狐缘.flv,0,中国电影2
294,M1905电影网,狙击时刻, 602 MiB,1280 * 544, 1h 24mn,994 Kbps,无字幕或内嵌字幕,狙击时刻.flv,0,中国电影2
295,M1905电影网,猎杀中山狼, 574 MiB,1920 * 1080, 1h 28mn,903 Kbps,无字幕或内嵌字幕,猎杀中山狼.flv,0,中国电影2
296,M1905电影网,猎狐, 309 MiB,720 * 448, 1h 31mn,473 Kbps,无字幕或内嵌字幕,猎狐.flv,0,中国电影2
297,M1905电影网,猎豹出击, 651 MiB,1280 * 732, 1h 30mn,1010 Kbps,无字幕或内嵌字幕,猎豹出击.flv,0,中国电影2
298,M1905电影网,猛河的黎明, 646 MiB,720 * 576, 1h 40mn,903 Kbps,无字幕或内嵌字幕,猛河的黎明.flv,0,中国电影2
299,M1905电影网,猛警神探, 587 MiB,1280 * 714, 1h 21mn,1011 Kbps,无字幕或内嵌字幕,猛警神探.flv,0,中国电影2
300,M1905电影网,玫瑰楼迷影, 583 MiB,1280 * 720, 1h 30mn,903 Kbps,无字幕或内嵌字幕,玫瑰楼迷影.flv,0,中国电影2
301,M1905电影网,玫瑰的梦, 688 MiB,1280 * 666, 1h 35mn,1011 Kbps,无字幕或内嵌字幕,玫瑰的梦.flv,0,中国电影2
302,M1905电影网,甲午风云, 655 MiB,1920 * 1410, 1h 41mn,903 Kbps,无字幕或内嵌字幕,甲午风云.flv,0,中国电影2
303,M1905电影网,男人困惑女人也困惑, 640 MiB,720 * 576, 1h 39mn,903 Kbps,无字幕或内嵌字幕,男人困惑女人也困惑.flv,0,中国电影2
304,M1905电影网,男人的世界, 312 MiB,720 * 336, 1h 32mn,473 Kbps,无字幕或内嵌字幕,男人的世界.flv,0,中国电影2
305,M1905电影网,留住心中的月亮, 615 MiB,1280 * 738, 1h 25mn,1005 Kbps,无字幕或内嵌字幕,留住心中的月亮.flv,0,中国电影2
306,M1905电影网,目击者, 690 MiB,1280 * 714, 1h 36mn,996 Kbps,无字幕或内嵌字幕,目击者.flv,0,中国电影2
307,M1905电影网,矿灯, 616 MiB,720 * 576, 1h 35mn,903 Kbps,无字幕或内嵌字幕,矿灯.flv,0,中国电影2
308,M1905电影网,秘密图纸, 554 MiB,1280 * 962, 1h 17mn,1003 Kbps,无字幕或内嵌字幕,秘密图纸.flv,0,中国电影2
309,M1905电影网,秘密战, 336 MiB,720 * 448, 1h 39mn,473 Kbps,无字幕或内嵌字幕,秘密战.flv,0,中国电影2
310,M1905电影网,秘密金库, 652 MiB,1280 * 738, 1h 30mn,1012 Kbps,无字幕或内嵌字幕,秘密金库.flv,0,中国电影2
311,M1905电影网,秘闯金三角, 621 MiB,1280 * 710, 1h 26mn,1007 Kbps,无字幕或内嵌字幕,秘闯金三角.flv,0,中国电影2
312,M1905电影网,粮食, 605 MiB,720 * 576, 1h 33mn,902 Kbps,无字幕或内嵌字幕,粮食.flv,0,中国电影2
313,M1905电影网,精武真英雄, 671 MiB,1280 * 714, 1h 34mn,996 Kbps,无字幕或内嵌字幕,精武真英雄.flv,0,中国电影2
314,M1905电影网,紧急追捕, 548 MiB,720 * 448, 1h 25mn,891 Kbps,无字幕或内嵌字幕,紧急追捕.flv,0,中国电影2
315,M1905电影网,红唇档案, 675 MiB,1280 * 714, 1h 35mn,989 Kbps,无字幕或内嵌字幕,红唇档案.flv,0,中国电影2
316,M1905电影网,红唇迷印, 630 MiB,1280 * 720, 1h 37mn,903 Kbps,无字幕或内嵌字幕,红唇迷印.flv,0,中国电影2
317,M1905电影网,红姑寨恩仇记, 636 MiB,1280 * 772, 1h 28mn,1003 Kbps,无字幕或内嵌字幕,红姑寨恩仇记.flv,0,中国电影2
318,M1905电影网,红孩子, 687 MiB,720 * 576, 1h 46mn,903 Kbps,无字幕或内嵌字幕,红孩子.flv,0,中国电影2
319,M1905电影网,红日, 926 MiB,1280 * 984, 2h 7mn,1015 Kbps,无字幕或内嵌字幕,红日.flv,0,中国电影2
320,M1905电影网,红河激浪, 701 MiB,1280 * 984, 1h 37mn,1005 Kbps,无字幕或内嵌字幕,红河激浪.flv,0,中国电影2
321,M1905电影网,红盖头, 688 MiB,1280 * 714, 1h 35mn,1009 Kbps,无字幕或内嵌字幕,红盖头.flv,0,中国电影2
322,M1905电影网,红盾出击, 302 MiB,720 * 448, 1h 29mn,473 Kbps,无字幕或内嵌字幕,红盾出击.flv,0,中国电影2
323,M1905电影网,红雨, 729 MiB,720 * 576, 1h 52mn,903 Kbps,无字幕或内嵌字幕,红雨.flv,0,中国电影2
324,M1905电影网,结婚七年, 587 MiB,1280 * 714, 1h 21mn,1005 Kbps,无字幕或内嵌字幕,结婚七年.flv,0,中国电影2
325,M1905电影网,结婚不结婚, 533 MiB,1280 * 720, 1h 22mn,903 Kbps,无字幕或内嵌字幕,结婚不结婚.flv,0,中国电影2
326,M1905电影网,绝密行动, 581 MiB,720 * 576, 1h 30mn,903 Kbps,无字幕或内嵌字幕,绝密行动.flv,0,中国电影2
327,M1905电影网,绝杀, 627 MiB,1280 * 738, 1h 26mn,1008 Kbps,无字幕或内嵌字幕,绝杀.flv,0,中国电影2
328,M1905电影网,绿色钱包, 590 MiB,1280 * 732, 1h 22mn,1003 Kbps,无字幕或内嵌字幕,绿色钱包.flv,0,中国电影2
329,M1905电影网,绿草地, 650 MiB,720 * 448, 1h 40mn,903 Kbps,无字幕或内嵌字幕,绿草地.flv,0,中国电影2
330,M1905电影网,缉枪行动, 545 MiB,1280 * 720, 1h 24mn,903 Kbps,无字幕或内嵌字幕,缉枪行动.flv,0,中国电影2
331,M1905电影网,缉毒战, 714 MiB,1280 * 726, 1h 39mn,1006 Kbps,无字幕或内嵌字幕,缉毒战.flv,0,中国电影2
332,M1905电影网,罗小林的决心, 276 MiB,720 * 576, 42mn 46s,903 Kbps,无字幕或内嵌字幕,罗小林的决心.flv,0,中国电影2
333,M1905电影网,美丽笨女人, 650 MiB,1280 * 714, 1h 30mn,1006 Kbps,无字幕或内嵌字幕,美丽笨女人.flv,0,中国电影2
334,M1905电影网,美人之死, 731 MiB,1280 * 732, 1h 42mn,1000 Kbps,无字幕或内嵌字幕,美人之死.flv,0,中国电影2
335,M1905电影网,老兵新传, 693 MiB,720 * 576, 1h 47mn,903 Kbps,无字幕或内嵌字幕,老兵新传.flv,0,中国电影2
336,M1905电影网,老家新家, 554 MiB,1280 * 718, 1h 25mn,903 Kbps,无字幕或内嵌字幕,老家新家.flv,0,中国电影2
337,M1905电影网,老少爷们上法场, 699 MiB,1280 * 594, 1h 36mn,1012 Kbps,无字幕或内嵌字幕,老少爷们上法场.flv,0,中国电影2
338,M1905电影网,考试一家亲, 603 MiB,1280 * 744, 1h 24mn,997 Kbps,无字幕或内嵌字幕,考试一家亲.flv,0,中国电影2
339,M1905电影网,聊斋席方平, 308 MiB,720 * 576, 1h 30mn,473 Kbps,无字幕或内嵌字幕,聊斋席方平.flv,0,中国电影2
340,M1905电影网,胡巧英告状, 590 MiB,1920 * 1080, 1h 31mn,903 Kbps,无字幕或内嵌字幕,胡巧英告状.flv,0,中国电影2
341,M1905电影网,良家妇女, 650 MiB,720 * 448, 1h 40mn,902 Kbps,无字幕或内嵌字幕,良家妇女.flv,0,中国电影2
342,M1905电影网,芒果之歌, 530 MiB,720 * 576, 1h 21mn,903 Kbps,无字幕或内嵌字幕,芒果之歌.flv,0,中国电影2
343,M1905电影网,花儿朵朵, 239 MiB,720 * 576, 1h 10mn,473 Kbps,无字幕或内嵌字幕,花儿朵朵.flv,0,中国电影2
344,M1905电影网,花园街五号, 886 MiB,1280 * 590, 2h 2mn,1011 Kbps,无字幕或内嵌字幕,花园街五号.flv,0,中国电影2
345,M1905电影网,花好月圆, 678 MiB,720 * 576, 1h 44mn,903 Kbps,无字幕或内嵌字幕,花好月圆.flv,0,中国电影2
346,M1905电影网,花开花落, 593 MiB,1280 * 984, 1h 22mn,1002 Kbps,无字幕或内嵌字幕,花开花落.flv,0,中国电影2
347,M1905电影网,花烛错, 673 MiB,1280 * 714, 1h 33mn,1008 Kbps,无字幕或内嵌字幕,花烛错.flv,0,中国电影2
348,M1905电影网,花翎飞盗, 606 MiB,1280 * 738, 1h 24mn,1005 Kbps,无字幕或内嵌字幕,花翎飞盗.flv,0,中国电影2
349,M1905电影网,花落时节, 313 MiB,720 * 448, 1h 32mn,473 Kbps,无字幕或内嵌字幕,花落时节.flv,0,中国电影2
350,M1905电影网,苗家儿女, 533 MiB,720 * 576, 1h 22mn,903 Kbps,无字幕或内嵌字幕,苗家儿女.flv,0,中国电影2
351,M1905电影网,苦菜花, 790 MiB,1280 * 962, 1h 48mn,1016 Kbps,无字幕或内嵌字幕,苦菜花.flv,0,中国电影2
352,M1905电影网,荒岛情未了, 710 MiB,1280 * 554, 1h 38mn,1009 Kbps,无字幕或内嵌字幕,荒岛情未了.flv,0,中国电影2
353,M1905电影网,荒火, 616 MiB,720 * 448, 1h 35mn,903 Kbps,无字幕或内嵌字幕,荒火.flv,0,中国电影2
354,M1905电影网,莽女追魂, 563 MiB,720 * 448, 1h 27mn,902 Kbps,无字幕或内嵌字幕,莽女追魂.flv,0,中国电影2
355,M1905电影网,落山风, 451 MiB,720 * 336, 2h 13mn,473 Kbps,无字幕或内嵌字幕,落山风.flv,0,中国电影2
356,M1905电影网,落水记, 456 MiB,720 * 576, 1h 10mn,903 Kbps,无字幕或内嵌字幕,落水记.flv,0,中国电影2
357,M1905电影网,落花坡情仇, 579 MiB,720 * 576, 1h 29mn,903 Kbps,无字幕或内嵌字幕,落花坡情仇.flv,0,中国电影2
358,M1905电影网,蒋筑英, 327 MiB,720 * 448, 1h 36mn,473 Kbps,无字幕或内嵌字幕,蒋筑英.flv,0,中国电影2
359,M1905电影网,虎兄豹弟, 612 MiB,1280 * 738, 1h 24mn,1012 Kbps,无字幕或内嵌字幕,虎兄豹弟.flv,0,中国电影2
360,M1905电影网,虎穴追踪, 557 MiB,720 * 576, 1h 26mn,903 Kbps,无字幕或内嵌字幕,虎穴追踪.flv,0,中国电影2
361,M1905电影网,警威壮贺兰, 581 MiB,720 * 576, 1h 29mn,902 Kbps,无字幕或内嵌字幕,警威壮贺兰.flv,0,中国电影2
362,M1905电影网,警探红白黑, 603 MiB,1280 * 700, 1h 23mn,1007 Kbps,无字幕或内嵌字幕,警探红白黑.flv,0,中国电影2
363,M1905电影网,警界无声, 666 MiB,1280 * 714, 1h 31mn,1020 Kbps,无字幕或内嵌字幕,警界无声.flv,0,中国电影2
364,M1905电影网,谋刺关东王, 629 MiB,1280 * 678, 1h 26mn,1016 Kbps,无字幕或内嵌字幕,谋刺关东王.flv,0,中国电影2
365,M1905电影网,贺龙军长, 313 MiB,720 * 576, 1h 32mn,473 Kbps,无字幕或内嵌字幕,贺龙军长.flv,0,中国电影2
366,M1905电影网,跨界大劫案, 598 MiB,1280 * 738, 1h 22mn,1010 Kbps,无字幕或内嵌字幕,跨界大劫案.flv,0,中国电影2
367,M1905电影网,路边吉他队, 574 MiB,720 * 448, 1h 28mn,902 Kbps,无字幕或内嵌字幕,路边吉他队.flv,0,中国电影2
368,M1905电影网,辽远的乡村, 573 MiB,720 * 576, 1h 28mn,902 Kbps,无字幕或内嵌字幕,辽远的乡村.flv,0,中国电影2
369,M1905电影网,迷失的古铜簋, 643 MiB,1280 * 962, 1h 29mn,1008 Kbps,无字幕或内嵌字幕,迷失的古铜簋.flv,0,中国电影2
370,M1905电影网,迷途英雄, 636 MiB,1280 * 720, 1h 28mn,1007 Kbps,无字幕或内嵌字幕,迷途英雄.flv,0,中国电影2
371,M1905电影网,逆风千里, 719 MiB,1280 * 1070, 1h 39mn,1013 Kbps,无字幕或内嵌字幕,逆风千里.flv,0,中国电影2
372,M1905电影网,那山那人那狗, 640 MiB,1280 * 732, 1h 28mn,1011 Kbps,无字幕或内嵌字幕,那山那人那狗.flv,0,中国电影2
373,M1905电影网,酒吧迷案, 554 MiB,1920 * 1080, 1h 25mn,903 Kbps,无字幕或内嵌字幕,酒吧迷案.flv,0,中国电影2
374,M1905电影网,金匾背后, 706 MiB,1280 * 714, 1h 36mn,1022 Kbps,无字幕或内嵌字幕,金匾背后.flv,0,中国电影2
375,M1905电影网,金戈铁马, 319 MiB,720 * 448, 1h 34mn,473 Kbps,无字幕或内嵌字幕,金戈铁马.flv,0,中国电影2
376,M1905电影网,金沙水拍, 331 MiB,720 * 336, 1h 37mn,473 Kbps,无字幕或内嵌字幕,金沙水拍.flv,0,中国电影2
377,M1905电影网,金沙江畔, 683 MiB,1280 * 984, 1h 34mn,1007 Kbps,无字幕或内嵌字幕,金沙江畔.flv,0,中国电影2
378,M1905电影网,金沟情仇记, 640 MiB,1280 * 714, 1h 28mn,1007 Kbps,无字幕或内嵌字幕,金沟情仇记.flv,0,中国电影2
379,M1905电影网,金秋鹿鸣, 557 MiB,1280 * 714, 1h 17mn,1004 Kbps,无字幕或内嵌字幕,金秋鹿鸣.flv,0,中国电影2
380,M1905电影网,金色的草原, 720 MiB,1280 * 714, 1h 40mn,1000 Kbps,无字幕或内嵌字幕,金色的草原.flv,0,中国电影2
381,M1905电影网,金铃传, 590 MiB,720 * 576, 1h 31mn,902 Kbps,无字幕或内嵌字幕,金铃传.flv,0,中国电影2
382,M1905电影网,金银滩, 747 MiB,1280 * 996, 1h 43mn,1009 Kbps,无字幕或内嵌字幕,金银滩.flv,0,中国电影2
383,M1905电影网,金镖黄天霸, 582 MiB,720 * 336, 1h 30mn,903 Kbps,无字幕或内嵌字幕,金镖黄天霸.flv,0,中国电影2
384,M1905电影网,金门新娘, 602 MiB,1280 * 720, 1h 33mn,902 Kbps,无字幕或内嵌字幕,金门新娘.flv,0,中国电影2
385,M1905电影网,金陵之夜, 723 MiB,1280 * 546, 1h 39mn,1011 Kbps,无字幕或内嵌字幕,金陵之夜.flv,0,中国电影2
386,M1905电影网,闽江橘子红, 593 MiB,1280 * 996, 1h 22mn,1010 Kbps,无字幕或内嵌字幕,闽江橘子红.flv,0,中国电影2
387,M1905电影网,霓虹灯下的哨兵（天马 1964年）, 447 MiB,720 * 554, 1h 54mn,545 Kbps,无字幕或内嵌字幕,霓虹灯下的哨兵（天马 1964年）.flv,0,中国电影2
388,M1905电影网,马兰花开, 583 MiB,720 * 576, 1h 30mn,903 Kbps,无字幕或内嵌字幕,马兰花开.flv,0,中国电影2
389,M1905电影网,马奈的新娘, 683 MiB,1280 * 714, 1h 35mn,996 Kbps,无字幕或内嵌字幕,马奈的新娘.flv,0,中国电影2
390,M1905电影网,马戏团的新节目, 626 MiB,720 * 576, 1h 36mn,903 Kbps,无字幕或内嵌字幕,马戏团的新节目.flv,0,中国电影2
391,M1905电影网,马文的战争, 502 MiB,720 * 448, 1h 20mn,873 Kbps,无字幕或内嵌字幕,马文的战争.flv,0,中国电影2
392,M1905电影网,马贼的妻子, 627 MiB,1280 * 714, 1h 27mn,999 Kbps,无字幕或内嵌字幕,马贼的妻子.flv,0,中国电影2
393,M1905电影网,马路天使, 584 MiB,720 * 576, 1h 30mn,903 Kbps,无字幕或内嵌字幕,马路天使.flv,0,中国电影2
394,M1905电影网,骆驼客, 572 MiB,1280 * 544, 1h 28mn,900 Kbps,无字幕或内嵌字幕,骆驼客.flv,0,中国电影2
395,M1905电影网,骆驼祥子, 648 MiB,1280 * 524, 1h 49mn,826 Kbps,无字幕或内嵌字幕,骆驼祥子.flv,0,中国电影2
396,M1905电影网,魔术师的奇遇, 342 MiB,1280 * 594, 47mn 17s,1010 Kbps,无字幕或内嵌字幕,魔术师的奇遇.flv,0,中国电影2
397,M1905电影网,魔窟生死恋, 689 MiB,1280 * 734, 1h 35mn,1008 Kbps,无字幕或内嵌字幕,魔窟生死恋.flv,0,中国电影2
398,M1905电影网,鲁班的传说, 521 MiB,720 * 576, 1h 20mn,903 Kbps,无字幕或内嵌字幕,鲁班的传说.flv,0,中国电影2
399,M1905电影网,鹤童, 617 MiB,1280 * 714, 1h 25mn,1007 Kbps,无字幕或内嵌字幕,鹤童.flv,0,中国电影2
400,M1905电影网,黄山来的姑娘, 704 MiB,1280 * 698, 1h 37mn,1007 Kbps,无字幕或内嵌字幕,黄山来的姑娘.flv,0,中国电影2
401,M1905电影网,黄河飞渡, 597 MiB,720 * 576, 1h 32mn,903 Kbps,无字幕或内嵌字幕,黄河飞渡.flv,0,中国电影2
402,M1905电影网,黄浦江故事, 644 MiB,720 * 576, 1h 39mn,902 Kbps,无字幕或内嵌字幕,黄浦江故事.flv,0,中国电影2
403,M1905电影网,黄金缉私队, 513 MiB,720 * 496, 1h 20mn,890 Kbps,无字幕或内嵌字幕,黄金缉私队.flv,0,中国电影2
404,M1905电影网,黎明的河边, 453 MiB,720 * 576, 1h 10mn,901 Kbps,无字幕或内嵌字幕,黎明的河边.flv,0,中国电影2
405,M1905电影网,黑三角, 640 MiB,1280 * 974, 1h 28mn,1009 Kbps,无字幕或内嵌字幕,黑三角.flv,0,中国电影2
406,M1905电影网,黑幕, 565 MiB,1280 * 720, 1h 30mn,873 Kbps,无字幕或内嵌字幕,黑幕.flv,0,中国电影2
407,M1905电影网,黑林鼓声, 486 MiB,720 * 448, 1h 15mn,903 Kbps,无字幕或内嵌字幕,黑林鼓声.flv,0,中国电影2
408,M1905电影网,黑楼孤魂, 574 MiB,1920 * 1038, 1h 28mn,903 Kbps,无字幕或内嵌字幕,黑楼孤魂.flv,0,中国电影2
409,M1905电影网,黑火, 649 MiB,1280 * 872, 1h 29mn,1013 Kbps,无字幕或内嵌字幕,黑火.flv,0,中国电影2
410,M1905电影网,黑色死亡, 594 MiB,1280 * 720, 1h 35mn,873 Kbps,无字幕或内嵌字幕,黑色死亡.flv,0,中国电影2
411,M1905电影网,黑色狂人, 310 MiB,720 * 448, 1h 31mn,473 Kbps,无字幕或内嵌字幕,黑色狂人.flv,0,中国电影2
412,M1905电影网,黑色走廊, 505 MiB,720 * 576, 1h 21mn,871 Kbps,无字幕或内嵌字幕,黑色走廊.flv,0,中国电影2
413,M1905电影网,黑色闪电, 284 MiB,720 * 448, 1h 23mn,473 Kbps,无字幕或内嵌字幕,黑色闪电.flv,0,中国电影2
414,M1905电影网,黑花杀手, 524 MiB,720 * 448, 1h 24mn,871 Kbps,无字幕或内嵌字幕,黑花杀手.flv,0,中国电影2
415,M1905电影网,龙凤呈祥, 304 MiB,720 * 448, 1h 29mn,473 Kbps,无字幕或内嵌字幕,龙凤呈祥.flv,0,中国电影2
416,M1905电影网,龙凤店, 780 MiB,1280 * 544, 1h 48mn,1003 Kbps,无字幕或内嵌字幕,龙凤店.flv,0,中国电影2
417,M1905电影网,龙年警官, 657 MiB,1280 * 722, 1h 41mn,903 Kbps,无字幕或内嵌字幕,龙年警官.flv,0,中国电影2
418,M1905电影网,龙虎群英, 575 MiB,1280 * 738, 1h 19mn,1005 Kbps,无字幕或内嵌字幕,龙虎群英.flv,0,中国电影2
419,M1905电影网,龙虎英雄, 571 MiB,1280 * 720, 1h 28mn,903 Kbps,无字幕或内嵌字幕,龙虎英雄.flv,0,中国电影2
420,M1905电影网,龙闯中原, 571 MiB,1280 * 720, 1h 28mn,903 Kbps,无字幕或内嵌字幕,龙闯中原.flv,0,中国电影2
421,M1905电影网,龙须沟, 695 MiB,720 * 576, 1h 47mn,903 Kbps,无字幕或内嵌字幕,龙须沟.flv,0,中国电影2
422,M1905电影网,七・七事变, 769 MiB,1920 * 1076, 1h 58mn,903 Kbps,无字幕或内嵌字幕,七・七事变.flv,0,中国电影2
423,M1905电影网,七十二家房客, 586 MiB,1280 * 984, 1h 20mn,1012 Kbps,无字幕或内嵌字幕,七十二家房客.flv,0,中国电影2
424,M1905电影网,七天七夜, 542 MiB,720 * 576, 1h 24mn,900 Kbps,无字幕或内嵌字幕,七天七夜.flv,0,中国电影2
425,M1905电影网,七小罗汉, 616 MiB,1280 * 704, 1h 25mn,1004 Kbps,无字幕或内嵌字幕,七小罗汉.flv,0,中国电影2
426,M1905电影网,三个母亲, 634 MiB,720 * 576, 1h 38mn,903 Kbps,无字幕或内嵌字幕,三个母亲.flv,0,中国电影2
427,M1905电影网,三八线上, 481 MiB,720 * 576, 1h 14mn,903 Kbps,无字幕或内嵌字幕,三八线上.flv,0,中国电影2
428,M1905电影网,三八线上的女兵, 298 MiB,720 * 448, 1h 27mn,473 Kbps,无字幕或内嵌字幕,三八线上的女兵.flv,0,中国电影2
429,M1905电影网,三女休夫, 575 MiB,720 * 448, 1h 28mn,903 Kbps,无字幕或内嵌字幕,三女休夫.flv,0,中国电影2
430,M1905电影网,三年早知道, 517 MiB,720 * 576, 1h 19mn,903 Kbps,无字幕或内嵌字幕,三年早知道.flv,0,中国电影2
431,M1905电影网,三进山城, 567 MiB,720 * 576, 1h 27mn,903 Kbps,无字幕或内嵌字幕,三进山城.flv,0,中国电影2
432,M1905电影网,上一当, 646 MiB,1280 * 682, 1h 28mn,1016 Kbps,无字幕或内嵌字幕,上一当.flv,0,中国电影2
433,M1905电影网,上海姑娘, 565 MiB,720 * 576, 1h 27mn,903 Kbps,无字幕或内嵌字幕,上海姑娘.flv,0,中国电影2
434,M1905电影网,世界屋脊的太阳, 342 MiB,720 * 336, 1h 41mn,473 Kbps,无字幕或内嵌字幕,世界屋脊的太阳.flv,0,中国电影2
435,M1905电影网,亲恩国仇, 286 MiB,720 * 448, 1h 24mn,473 Kbps,无字幕或内嵌字幕,亲恩国仇.flv,0,中国电影2
436,M1905电影网,亲缘, 587 MiB,720 * 576, 1h 30mn,903 Kbps,无字幕或内嵌字幕,亲缘.flv,0,中国电影2
437,M1905电影网,人小志大, 440 MiB,720 * 576, 1h 8mn,903 Kbps,无字幕或内嵌字幕,人小志大.flv,0,中国电影2
438,M1905电影网,人生, 935 MiB,1280 * 500, 2h 10mn,1003 Kbps,无字幕或内嵌字幕,人生.flv,0,中国电影2
439,M1905电影网,他在特区, 612 MiB,720 * 336, 1h 34mn,901 Kbps,无字幕或内嵌字幕,他在特区.flv,0,中国电影2
440,M1905电影网,佘赛花, 649 MiB,1280 * 720, 1h 29mn,1019 Kbps,无字幕或内嵌字幕,佘赛花.flv,0,中国电影2
441,M1905电影网,佩剑将军, 699 MiB,720 * 448, 1h 48mn,902 Kbps,无字幕或内嵌字幕,佩剑将军.flv,0,中国电影2
442,M1905电影网,停战以后, 860 MiB,1280 * 962, 1h 58mn,1012 Kbps,无字幕或内嵌字幕,停战以后.flv,0,中国电影2
443,M1905电影网,傻小子行侠记, 588 MiB,720 * 448, 1h 30mn,903 Kbps,无字幕或内嵌字幕,傻小子行侠记.flv,0,中国电影2
444,M1905电影网,前哨, 639 MiB,720 * 576, 1h 38mn,903 Kbps,无字幕或内嵌字幕,前哨.flv,0,中国电影2
445,M1905电影网,十天, 408 MiB,720 * 576, 2h 0mn,473 Kbps,无字幕或内嵌字幕,十天.flv,0,中国电影2
446,M1905电影网,千万里追寻着你, 625 MiB,1280 * 744, 1h 27mn,1003 Kbps,无字幕或内嵌字幕,千万里追寻着你.flv,0,中国电影2
447,M1905电影网,双喜临门, 596 MiB,1280 * 720, 1h 32mn,903 Kbps,无字幕或内嵌字幕,双喜临门.flv,0,中国电影2
448,M1905电影网,双旗镇刀客, 561 MiB,1280 * 720, 1h 27mn,893 Kbps,无字幕或内嵌字幕,双旗镇刀客.flv,0,中国电影2
449,M1905电影网,双枪假面人, 625 MiB,1280 * 714, 1h 26mn,1015 Kbps,无字幕或内嵌字幕,双枪假面人.flv,0,中国电影2
450,M1905电影网,双栖间谍, 563 MiB,720 * 448, 1h 27mn,903 Kbps,无字幕或内嵌字幕,双栖间谍.flv,0,中国电影2
451,M1905电影网,叛国者, 266 MiB,720 * 576, 1h 18mn,473 Kbps,无字幕或内嵌字幕,叛国者.flv,0,中国电影2
452,M1905电影网,四大天王, 584 MiB,1280 * 710, 1h 20mn,1010 Kbps,无字幕或内嵌字幕,四大天王.flv,0,中国电影2
453,M1905电影网,四渡赤水, 1 005 MiB,720 * 448, 2h 35mn,903 Kbps,无字幕或内嵌字幕,四渡赤水.flv,0,中国电影2
454,M1905电影网,团结起来到明天, 616 MiB,720 * 576, 1h 35mn,903 Kbps,无字幕或内嵌字幕,团结起来到明天.flv,0,中国电影2
455,M1905电影网,土地, 687 MiB,720 * 576, 1h 46mn,903 Kbps,无字幕或内嵌字幕,土地.flv,0,中国电影2
456,M1905电影网,土裁缝与洋小姐, 703 MiB,1280 * 732, 1h 37mn,1012 Kbps,无字幕或内嵌字幕,土裁缝与洋小姐.flv,0,中国电影2
457,M1905电影网,圣保罗医院之谜, 297 MiB,720 * 448, 1h 27mn,473 Kbps,无字幕或内嵌字幕,圣保罗医院之谜.flv,0,中国电影2
458,M1905电影网,天使与魔鬼, 633 MiB,1280 * 744, 1h 28mn,1003 Kbps,无字幕或内嵌字幕,天使与魔鬼.flv,0,中国电影2
459,M1905电影网,天国恩仇(潇湘1986), 673 MiB,720 * 336, 1h 44mn,902 Kbps,无字幕或内嵌字幕,天国恩仇(潇湘1986).flv,0,中国电影2
460,M1905电影网,天堂回信, 567 MiB,1920 * 1080, 1h 27mn,903 Kbps,无字幕或内嵌字幕,天堂回信.flv,0,中国电影2
461,M1905电影网,天字号密令, 645 MiB,1280 * 682, 1h 28mn,1019 Kbps,无字幕或内嵌字幕,天字号密令.flv,0,中国电影2
462,M1905电影网,天山歌声, 585 MiB,1280 * 1070, 1h 21mn,1008 Kbps,无字幕或内嵌字幕,天山歌声.flv,0,中国电影2
463,M1905电影网,天山的红花, 846 MiB,1280 * 996, 1h 56mn,1012 Kbps,无字幕或内嵌字幕,天山的红花.flv,0,中国电影2
464,M1905电影网,天生有福, 656 MiB,1280 * 714, 1h 31mn,998 Kbps,无字幕或内嵌字幕,天生有福.flv,0,中国电影2
465,M1905电影网,天网, 564 MiB,720 * 576, 1h 30mn,871 Kbps,无字幕或内嵌字幕,天网.flv,0,中国电影2
466,M1905电影网,天罗地网, 618 MiB,720 * 576, 1h 35mn,901 Kbps,无字幕或内嵌字幕,天罗地网.flv,0,中国电影2
467,M1905电影网,天职, 640 MiB,1280 * 676, 1h 29mn,999 Kbps,无字幕或内嵌字幕,天职.flv,0,中国电影2
468,M1905电影网,天鼓, 676 MiB,1280 * 732, 1h 34mn,999 Kbps,无字幕或内嵌字幕,天鼓.flv,0,中国电影2
469,M1905电影网,太后吉祥, 316 MiB,720 * 448, 1h 33mn,473 Kbps,无字幕或内嵌字幕,太后吉祥.flv,0,中国电影2
470,M1905电影网,太极战士, 621 MiB,1280 * 738, 1h 25mn,1010 Kbps,无字幕或内嵌字幕,太极战士.flv,0,中国电影2
471,M1905电影网,太阳刚刚出山, 501 MiB,720 * 576, 1h 17mn,903 Kbps,无字幕或内嵌字幕,太阳刚刚出山.flv,0,中国电影2
472,M1905电影网,太阳女神, 91.9 MiB,1280 * 544, 13mn 0s,988 Kbps,无字幕或内嵌字幕,太阳女神.flv,0,中国电影2
473,M1905电影网,失衡的美丽, 571 MiB,720 * 448, 1h 29mn,892 Kbps,无字幕或内嵌字幕,失衡的美丽.flv,0,中国电影2
474,M1905电影网,奇屏迷案, 590 MiB,1920 * 1080, 1h 31mn,902 Kbps,无字幕或内嵌字幕,奇屏迷案.flv,0,中国电影2
475,M1905电影网,如意, 631 MiB,720 * 576, 1h 37mn,901 Kbps,无字幕或内嵌字幕,如意.flv,0,中国电影2
476,M1905电影网,如此多情, 345 MiB,720 * 576, 53mn 26s,903 Kbps,无字幕或内嵌字幕,如此多情.flv,0,中国电影2
477,M1905电影网,如此爹娘, 624 MiB,1280 * 984, 1h 26mn,1007 Kbps,无字幕或内嵌字幕,如此爹娘.flv,0,中国电影2
478,M1905电影网,少侠奇缘, 279 MiB,720 * 448, 1h 22mn,473 Kbps,无字幕或内嵌字幕,少侠奇缘.flv,0,中国电影2
479,M1905电影网,少女・逃犯・狗, 260 MiB,720 * 448, 1h 16mn,473 Kbps,无字幕或内嵌字幕,少女・逃犯・狗.flv,0,中国电影2
480,M1905电影网,屠城血证, 625 MiB,1280 * 546, 1h 26mn,1010 Kbps,无字幕或内嵌字幕,屠城血证.flv,0,中国电影2
481,M1905电影网,山中那个女人, 586 MiB,1280 * 720, 1h 33mn,872 Kbps,无字幕或内嵌字幕,山中那个女人.flv,0,中国电影2
482,M1905电影网,山村奇案, 334 MiB,720 * 448, 1h 38mn,473 Kbps,无字幕或内嵌字幕,山村奇案.flv,0,中国电影2
483,M1905电影网,山神, 710 MiB,1280 * 548, 1h 49mn,903 Kbps,无字幕或内嵌字幕,山神.flv,0,中国电影2
484,M1905电影网,山里山外, 584 MiB,1280 * 720, 1h 30mn,902 Kbps,无字幕或内嵌字幕,山里山外.flv,0,中国电影2
485,M1905电影网,山重水复, 702 MiB,720 * 576, 1h 48mn,902 Kbps,无字幕或内嵌字幕,山重水复.flv,0,中国电影2
486,M1905电影网,岁月旅途, 604 MiB,1920 * 1080, 1h 33mn,903 Kbps,无字幕或内嵌字幕,岁月旅途.flv,0,中国电影2
487,M1905电影网,巧娶媳妇, 673 MiB,720 * 448, 1h 27mn,1073 Kbps,无字幕或内嵌字幕,巧娶媳妇.flv,0,中国电影2
488,M1905电影网,平原作战, 810 MiB,720 * 576, 2h 5mn,903 Kbps,无字幕或内嵌字幕,平原作战.flv,0,中国电影2
489,M1905电影网,平原枪声, 677 MiB,1280 * 720, 1h 48mn,875 Kbps,无字幕或内嵌字幕,平原枪声.flv,0,中国电影2
490,M1905电影网,平壤之约, 590 MiB,1280 * 548, 1h 31mn,900 Kbps,无字幕或内嵌字幕,平壤之约.flv,0,中国电影2
491,M1905电影网,情人的最后一次谋杀, 282 MiB,720 * 576, 1h 23mn,473 Kbps,无字幕或内嵌字幕,情人的最后一次谋杀.flv,0,中国电影2
492,M1905电影网,情天恨海, 695 MiB,720 * 576, 1h 47mn,901 Kbps,无字幕或内嵌字幕,情天恨海.flv,0,中国电影2
493,M1905电影网,情断莲花庵, 642 MiB,1280 * 824, 1h 28mn,1013 Kbps,无字幕或内嵌字幕,情断莲花庵.flv,0,中国电影2
494,M1905电影网,情长谊深, 643 MiB,720 * 576, 1h 39mn,903 Kbps,无字幕或内嵌字幕,情长谊深.flv,0,中国电影2
495,M1905电影网,扑不灭的火焰, 405 MiB,720 * 576, 1h 39mn,571 Kbps,无字幕或内嵌字幕,扑不灭的火焰.flv,0,中国电影2
496,M1905电影网,挺进中原, 713 MiB,1280 * 984, 1h 39mn,1005 Kbps,无字幕或内嵌字幕,挺进中原.flv,0,中国电影2
497,M1905电影网,排球之花, 623 MiB,1280 * 996, 1h 26mn,1003 Kbps,无字幕或内嵌字幕,排球之花.flv,0,中国电影2
498,M1905电影网,探亲记, 590 MiB,720 * 576, 1h 31mn,902 Kbps,无字幕或内嵌字幕,探亲记.flv,0,中国电影2
499,M1905电影网,擒凶记, 624 MiB,1280 * 996, 1h 26mn,1005 Kbps,无字幕或内嵌字幕,擒凶记.flv,0,中国电影2
500,M1905电影网,杀手情, 803 MiB,1280 * 738, 1h 51mn,1007 Kbps,无字幕或内嵌字幕,杀手情.flv,0,中国电影2
501,M1905电影网,杀机四伏, 595 MiB,1280 * 714, 1h 22mn,1012 Kbps,无字幕或内嵌字幕,杀机四伏.flv,0,中国电影2
502,M1905电影网,枪与玫瑰, 611 MiB,1280 * 512, 1h 34mn,903 Kbps,无字幕或内嵌字幕,枪与玫瑰.flv,0,中国电影2
503,M1905电影网,枪访要塞, 675 MiB,1280 * 732, 1h 33mn,1004 Kbps,无字幕或内嵌字幕,枪访要塞.flv,0,中国电影2
504,M1905电影网,栖霞寺1937, 607 MiB,1280 * 720, 1h 34mn,901 Kbps,无字幕或内嵌字幕,栖霞寺1937.flv,0,中国电影2
505,M1905电影网,死亡追踪, 289 MiB,720 * 576, 1h 25mn,473 Kbps,无字幕或内嵌字幕,死亡追踪.flv,0,中国电影2
506,M1905电影网,死亡预谋, 290 MiB,720 * 448, 1h 25mn,473 Kbps,无字幕或内嵌字幕,死亡预谋.flv,0,中国电影2
507,M1905电影网,死里逃生, 355 MiB,720 * 576, 1h 45mn,473 Kbps,无字幕或内嵌字幕,死里逃生.flv,0,中国电影2
508,M1905电影网,水, 314 MiB,720 * 576, 48mn 39s,903 Kbps,无字幕或内嵌字幕,水.flv,0,中国电影2
509,M1905电影网,水乡的春天, 684 MiB,720 * 576, 1h 45mn,903 Kbps,无字幕或内嵌字幕,水乡的春天.flv,0,中国电影2
510,M1905电影网,沙家店粮站, 562 MiB,720 * 576, 1h 27mn,903 Kbps,无字幕或内嵌字幕,沙家店粮站.flv,0,中国电影2
511,M1905电影网,沙漠宝窟, 590 MiB,720 * 576, 1h 31mn,903 Kbps,无字幕或内嵌字幕,沙漠宝窟.flv,0,中国电影2
512,M1905电影网,沙漠追匪记, 459 MiB,720 * 576, 1h 11mn,903 Kbps,无字幕或内嵌字幕,沙漠追匪记.flv,0,中国电影2
513,M1905电影网,沙漠里的战斗, 699 MiB,720 * 576, 1h 48mn,903 Kbps,无字幕或内嵌字幕,沙漠里的战斗.flv,0,中国电影2
514,M1905电影网,泰山恩仇, 602 MiB,720 * 448, 1h 33mn,903 Kbps,无字幕或内嵌字幕,泰山恩仇.flv,0,中国电影2
515,M1905电影网,清水湾淡水湾1984, 412 MiB,852 * 470, 1h 42mn,560 Kbps,无字幕或内嵌字幕,清水湾淡水湾1984.flv,0,中国电影2
516,M1905电影网,漂亮的女邻居, 313 MiB,720 * 448, 1h 32mn,473 Kbps,无字幕或内嵌字幕,漂亮的女邻居.flv,0,中国电影2
517,M1905电影网,热线追击, 603 MiB,1280 * 710, 1h 23mn,1010 Kbps,无字幕或内嵌字幕,热线追击.flv,0,中国电影2
518,M1905电影网,特别攻击队, 561 MiB,720 * 448, 1h 26mn,903 Kbps,无字幕或内嵌字幕,特别攻击队.flv,0,中国电影2
519,M1905电影网,特警出击, 561 MiB,1280 * 716, 1h 18mn,1004 Kbps,无字幕或内嵌字幕,特警出击.flv,0,中国电影2
520,M1905电影网,特高课在行动, 630 MiB,1280 * 840, 1h 27mn,1008 Kbps,无字幕或内嵌字幕,特高课在行动.flv,0,中国电影2
521,M1905电影网,犬王, 611 MiB,1280 * 714, 1h 25mn,1001 Kbps,无字幕或内嵌字幕,犬王.flv,0,中国电影2
522,M1905电影网,球场风波, 490 MiB,720 * 576, 1h 15mn,903 Kbps,无字幕或内嵌字幕,球场风波.flv,0,中国电影2
523,M1905电影网,甜女(长影1983), 573 MiB,720 * 448, 1h 29mn,900 Kbps,无字幕或内嵌字幕,甜女(长影1983).flv,0,中国电影2
524,M1905电影网,生命的火花, 661 MiB,1280 * 1070, 1h 31mn,1010 Kbps,无字幕或内嵌字幕,生命的火花.flv,0,中国电影2
525,M1905电影网,生死千里, 624 MiB,720 * 448, 1h 36mn,902 Kbps,无字幕或内嵌字幕,生死千里.flv,0,中国电影2
526,M1905电影网,生死密电, 612 MiB,1280 * 720, 1h 34mn,903 Kbps,无字幕或内嵌字幕,生死密电.flv,0,中国电影2
527,M1905电影网,生死情缘(天山1999), 608 MiB,1280 * 714, 1h 25mn,998 Kbps,无字幕或内嵌字幕,生死情缘(天山1999).flv,0,中国电影2
528,M1905电影网,生死罗布泊, 536 MiB,720 * 336, 1h 25mn,877 Kbps,无字幕或内嵌字幕,生死罗布泊.flv,0,中国电影2
529,M1905电影网,生死腾格里, 593 MiB,1280 * 966, 1h 31mn,903 Kbps,无字幕或内嵌字幕,生死腾格里.flv,0,中国电影2
530,M1905电影网,生活的浪花, 656 MiB,720 * 576, 1h 41mn,900 Kbps,无字幕或内嵌字幕,生活的浪花.flv,0,中国电影2
531,M1905电影网,生财有道, 595 MiB,720 * 576, 1h 32mn,903 Kbps,无字幕或内嵌字幕,生财有道.flv,0,中国电影2
532,M1905电影网,田野又是青纱帐, 687 MiB,1280 * 692, 1h 46mn,902 Kbps,无字幕或内嵌字幕,田野又是青纱帐.flv,0,中国电影2
533,M1905电影网,皮包, 247 MiB,720 * 576, 38mn 18s,903 Kbps,无字幕或内嵌字幕,皮包.flv,0,中国电影2
534,M1905电影网,瞬间, 702 MiB,720 * 576, 1h 48mn,903 Kbps,无字幕或内嵌字幕,瞬间.flv,0,中国电影2
535,M1905电影网,石头村发财记, 567 MiB,1280 * 720, 1h 30mn,873 Kbps,无字幕或内嵌字幕,石头村发财记.flv,0,中国电影2
536,M1905电影网,破袭战, 325 MiB,720 * 448, 1h 36mn,473 Kbps,无字幕或内嵌字幕,破袭战.flv,0,中国电影2
537,M1905电影网,神医扁鹊(长影1985), 328 MiB,852 * 468, 1h 21mn,561 Kbps,无字幕或内嵌字幕,神医扁鹊(长影1985).flv,0,中国电影2
538,M1905电影网,神捕铁中英, 637 MiB,1920 * 1080, 1h 38mn,902 Kbps,无字幕或内嵌字幕,神捕铁中英.flv,0,中国电影2
539,M1905电影网,神枪雪恨, 636 MiB,1280 * 722, 1h 28mn,1001 Kbps,无字幕或内嵌字幕,神枪雪恨.flv,0,中国电影2
540,M1905电影网,神秘的旅伴, 293 MiB,720 * 448, 1h 26mn,473 Kbps,无字幕或内嵌字幕,神秘的旅伴.flv,0,中国电影2
541,M1905电影网,神秧手, 223 MiB,720 * 576, 34mn 31s,903 Kbps,无字幕或内嵌字幕,神秧手.flv,0,中国电影2
542,M1905电影网,神警天降, 300 MiB,720 * 448, 1h 28mn,473 Kbps,无字幕或内嵌字幕,神警天降.flv,0,中国电影2
543,M1905电影网,神鞭, 681 MiB,1280 * 738, 1h 34mn,1006 Kbps,无字幕或内嵌字幕,神鞭.flv,0,中国电影2
544,M1905电影网,神龙车队, 627 MiB,1280 * 556, 1h 26mn,1014 Kbps,无字幕或内嵌字幕,神龙车队.flv,0,中国电影2
545,M1905电影网,秋收起义, 367 MiB,720 * 336, 1h 48mn,473 Kbps,无字幕或内嵌字幕,秋收起义.flv,0,中国电影2
546,M1905电影网,秋翁遇仙记, 280 MiB,720 * 576, 1h 22mn,473 Kbps,无字幕或内嵌字幕,秋翁遇仙记.flv,0,中国电影2
547,M1905电影网,索命逍遥楼, 701 MiB,1280 * 714, 1h 36mn,1016 Kbps,无字幕或内嵌字幕,索命逍遥楼.flv,0,中国电影2
548,M1905电影网,索命飞刀, 548 MiB,1280 * 692, 1h 24mn,903 Kbps,无字幕或内嵌字幕,索命飞刀.flv,0,中国电影2
549,M1905电影网,胖婶进城, 564 MiB,1280 * 720, 1h 30mn,874 Kbps,无字幕或内嵌字幕,胖婶进城.flv,0,中国电影2
550,M1905电影网,胜利重逢, 588 MiB,720 * 576, 1h 31mn,903 Kbps,无字幕或内嵌字幕,胜利重逢.flv,0,中国电影2
551,M1905电影网,舍身技, 594 MiB,1280 * 564, 1h 22mn,1010 Kbps,无字幕或内嵌字幕,舍身技.flv,0,中国电影2
552,M1905电影网,葡萄熟了的时候, 538 MiB,720 * 576, 1h 24mn,892 Kbps,无字幕或内嵌字幕,葡萄熟了的时候.flv,0,中国电影2
553,M1905电影网,蛇案, 595 MiB,1280 * 840, 1h 21mn,1015 Kbps,无字幕或内嵌字幕,蛇案.flv,0,中国电影2
554,M1905电影网,螳螂, 690 MiB,1920 * 1080, 1h 46mn,903 Kbps,无字幕或内嵌字幕,螳螂.flv,0,中国电影2
555,M1905电影网,让世界充满爱, 595 MiB,720 * 448, 1h 32mn,899 Kbps,无字幕或内嵌字幕,让世界充满爱.flv,0,中国电影2
556,M1905电影网,谁戴这朵花, 703 MiB,1280 * 1008, 1h 37mn,1009 Kbps,无字幕或内嵌字幕,谁戴这朵花.flv,0,中国电影2
557,M1905电影网,谁是被抛弃的人, 507 MiB,720 * 576, 1h 18mn,903 Kbps,无字幕或内嵌字幕,谁是被抛弃的人.flv,0,中国电影2
558,M1905电影网,谭嗣同, 961 MiB,1280 * 578, 2h 12mn,1013 Kbps,无字幕或内嵌字幕,谭嗣同.flv,0,中国电影2
559,M1905电影网,身份疑云, 598 MiB,1280 * 714, 1h 23mn,1001 Kbps,无字幕或内嵌字幕,身份疑云.flv,0,中国电影2
560,M1905电影网,逃犯, 567 MiB,720 * 448, 1h 27mn,902 Kbps,无字幕或内嵌字幕,逃犯.flv,0,中国电影2
561,M1905电影网,通天长老, 592 MiB,720 * 576, 1h 31mn,903 Kbps,无字幕或内嵌字幕,通天长老.flv,0,中国电影2
562,M1905电影网,通道转兵, 583 MiB,1280 * 720, 1h 30mn,902 Kbps,无字幕或内嵌字幕,通道转兵.flv,0,中国电影2
563,M1905电影网,铁人王进喜, 671 MiB,1280 * 544, 1h 33mn,999 Kbps,无字幕或内嵌字幕,铁人王进喜.flv,0,中国电影2
564,M1905电影网,铁血奇兵, 382 MiB,720 * 448, 1h 30mn,592 Kbps,无字幕或内嵌字幕,铁血奇兵.flv,0,中国电影2
565,M1905电影网,铁血娇娃, 689 MiB,1280 * 544, 1h 35mn,1004 Kbps,无字幕或内嵌字幕,铁血娇娃.flv,0,中国电影2
566,M1905电影网,铁血情仇, 295 MiB,720 * 448, 1h 27mn,473 Kbps,无字幕或内嵌字幕,铁血情仇.flv,0,中国电影2
567,M1905电影网,铁血柔情, 722 MiB,1280 * 714, 1h 40mn,1000 Kbps,无字幕或内嵌字幕,铁血柔情.flv,0,中国电影2
568,M1905电影网,铁血江桥, 599 MiB,1280 * 720, 1h 35mn,874 Kbps,无字幕或内嵌字幕,铁血江桥.flv,0,中国电影2
569,M1905电影网,铁血群英, 556 MiB,720 * 448, 1h 26mn,902 Kbps,无字幕或内嵌字幕,铁血群英.flv,0,中国电影2
570,M1905电影网,铁血金魂, 551 MiB,1280 * 732, 1h 16mn,1002 Kbps,无字幕或内嵌字幕,铁血金魂.flv,0,中国电影2
571,M1905电影网,铁道卫士, 407 MiB,720 * 576, 1h 39mn,571 Kbps,无字幕或内嵌字幕,铁道卫士.flv,0,中国电影2
572,M1905电影网,铜马铁燕传奇, 533 MiB,720 * 448, 1h 22mn,902 Kbps,无字幕或内嵌字幕,铜马铁燕传奇.flv,0,中国电影2
573,M1905电影网,闪闪的红星, 721 MiB,1280 * 962, 1h 40mn,1002 Kbps,无字幕或内嵌字幕,闪闪的红星.flv,0,中国电影2
574,M1905电影网,青山恋, 685 MiB,1280 * 996, 1h 34mn,1011 Kbps,无字幕或内嵌字幕,青山恋.flv,0,中国电影2
575,M1905电影网,青年鲁班, 619 MiB,1280 * 984, 1h 26mn,1005 Kbps,无字幕或内嵌字幕,青年鲁班.flv,0,中国电影2
576,M1905电影网,青春之歌, 1 013 MiB,1920 * 1466, 2h 36mn,903 Kbps,无字幕或内嵌字幕,青春之歌.flv,0,中国电影2
577,M1905电影网,青春的园地, 516 MiB,720 * 576, 1h 19mn,903 Kbps,无字幕或内嵌字幕,青春的园地.flv,0,中国电影2
578,M1905电影网,青春的脚步, 518 MiB,720 * 576, 1h 20mn,903 Kbps,无字幕或内嵌字幕,青春的脚步.flv,0,中国电影2
579,M1905电影网,青春祭, 592 MiB,720 * 448, 1h 31mn,901 Kbps,无字幕或内嵌字幕,青春祭.flv,0,中国电影2
580,M1905电影网,青梅, 676 MiB,1280 * 714, 1h 32mn,1024 Kbps,无字幕或内嵌字幕,青梅.flv,0,中国电影2
581,M1905电影网,青瓷迷踪, 601 MiB,1280 * 720, 1h 33mn,902 Kbps,无字幕或内嵌字幕,青瓷迷踪.flv,0,中国电影2
582,M1905电影网,一个和八个, 627 MiB,1280 * 848, 1h 26mn,1008 Kbps,无字幕或内嵌字幕,一个和八个.flv,0,中国电影2
583,M1905电影网,一个温州的女人, 640 MiB,1280 * 532, 1h 28mn,1006 Kbps,无字幕或内嵌字幕,一个温州的女人.flv,0,中国电影2
584,M1905电影网,一代天骄成吉思汗, 367 MiB,720 * 336, 1h 48mn,473 Kbps,无字幕或内嵌字幕,一代天骄成吉思汗.flv,0,中国电影2
585,M1905电影网,一叶小舟, 587 MiB,720 * 576, 1h 30mn,902 Kbps,无字幕或内嵌字幕,一叶小舟.flv,0,中国电影2
586,M1905电影网,一场风波, 540 MiB,720 * 576, 1h 23mn,903 Kbps,无字幕或内嵌字幕,一场风波.flv,0,中国电影2
587,M1905电影网,一天一夜, 532 MiB,1280 * 732, 1h 14mn,1003 Kbps,无字幕或内嵌字幕,一天一夜.flv,0,中国电影2
588,M1905电影网,一年到头, 339 MiB,720 * 448, 1h 40mn,473 Kbps,无字幕或内嵌字幕,一年到头.flv,0,中国电影2
589,M1905电影网,一江春水向东流, 742 MiB,720 * 576, 3h 1mn,571 Kbps,无字幕或内嵌字幕,一江春水向东流.flv,0,中国电影2
590,M1905电影网,一贯害人道, 687 MiB,720 * 576, 1h 46mn,903 Kbps,无字幕或内嵌字幕,一贯害人道.flv,0,中国电影2
591,M1905电影网,一路惊心, 561 MiB,1920 * 1080, 1h 26mn,903 Kbps,无字幕或内嵌字幕,一路惊心.flv,0,中国电影2
592,M1905电影网,一路顺风, 664 MiB,1280 * 744, 1h 31mn,1012 Kbps,无字幕或内嵌字幕,一路顺风.flv,0,中国电影2
593,M1905电影网,万木春, 519 MiB,720 * 576, 1h 20mn,902 Kbps,无字幕或内嵌字幕,万木春.flv,0,中国电影2
594,M1905电影网,业余警察, 294 MiB,720 * 576, 1h 26mn,473 Kbps,无字幕或内嵌字幕,业余警察.flv,0,中国电影2
595,M1905电影网,严峻的历程, 923 MiB,1280 * 840, 2h 8mn,1008 Kbps,无字幕或内嵌字幕,严峻的历程.flv,0,中国电影2
596,M1905电影网,中国功夫, 601 MiB,1280 * 720, 1h 32mn,903 Kbps,无字幕或内嵌字幕,中国功夫.flv,0,中国电影2
597,M1905电影网,中国勇士, 621 MiB,1280 * 720, 1h 26mn,1004 Kbps,无字幕或内嵌字幕,中国勇士.flv,0,中国电影2
598,M1905电影网,为了六十一个阶级弟兄, 378 MiB,720 * 576, 58mn 28s,903 Kbps,无字幕或内嵌字幕,为了六十一个阶级弟兄.flv,0,中国电影2
599,M1905电影网,为了和平, 687 MiB,720 * 576, 1h 46mn,902 Kbps,无字幕或内嵌字幕,为了和平.flv,0,中国电影2
600,M1905电影网,为了胜利, 655 MiB,1280 * 962, 1h 31mn,1004 Kbps,无字幕或内嵌字幕,为了胜利.flv,0,中国电影2
601,M1905电影网,主仆历险记, 617 MiB,1280 * 714, 1h 25mn,1008 Kbps,无字幕或内嵌字幕,主仆历险记.flv,0,中国电影2
602,M1905电影网,义勇军魂, 678 MiB,1280 * 682, 1h 34mn,998 Kbps,无字幕或内嵌字幕,义勇军魂.flv,0,中国电影2
603,M1905电影网,义胆除魔, 535 MiB,1280 * 720, 1h 25mn,872 Kbps,无字幕或内嵌字幕,义胆除魔.flv,0,中国电影2
604,M1905电影网,乌鲁木齐的天空, 618 MiB,1280 * 582, 1h 35mn,903 Kbps,无字幕或内嵌字幕,乌鲁木齐的天空.flv,0,中国电影2
605,M1905电影网,云南故事 1993 北影 香港, 386 MiB,720 * 448, 1h 34mn,571 Kbps,无字幕或内嵌字幕,云南故事 1993 北影 香港.flv,0,中国电影2
606,M1905电影网,五十度黑, 517 MiB,1280 * 586, 1h 12mn,998 Kbps,无字幕或内嵌字幕,五十度黑.flv,0,中国电影2
607,M1905电影网,五女拜寿, 841 MiB,1280 * 698, 1h 56mn,1007 Kbps,无字幕或内嵌字幕,五女拜寿.flv,0,中国电影2
608,M1905电影网,五彩路, 638 MiB,1280 * 984, 1h 28mn,1003 Kbps,无字幕或内嵌字幕,五彩路.flv,0,中国电影2
609,M1905电影网,五更寒, 702 MiB,720 * 576, 1h 48mn,903 Kbps,无字幕或内嵌字幕,五更寒.flv,0,中国电影2
610,M1905电影网,五魁, 781 MiB,1280 * 714, 1h 48mn,1007 Kbps,无字幕或内嵌字幕,五魁.flv,0,中国电影2
611,M1905电影网,仗义英雄, 601 MiB,1280 * 734, 1h 23mn,1005 Kbps,无字幕或内嵌字幕,仗义英雄.flv,0,中国电影2
612,M1905电影网,伟大的起点, 678 MiB,720 * 576, 1h 45mn,902 Kbps,无字幕或内嵌字幕,伟大的起点.flv,0,中国电影2
613,M1905电影网,侠女柔情, 302 MiB,720 * 576, 1h 29mn,473 Kbps,无字幕或内嵌字幕,侠女柔情.flv,0,中国电影2
614,M1905电影网,元帅与士兵, 597 MiB,1280 * 984, 1h 22mn,1008 Kbps,无字幕或内嵌字幕,元帅与士兵.flv,0,中国电影2
615,M1905电影网,兄妹探宝, 550 MiB,1280 * 996, 1h 15mn,1019 Kbps,无字幕或内嵌字幕,兄妹探宝.flv,0,中国电影2
616,M1905电影网,再塑一个我, 512 MiB,720 * 576, 1h 19mn,900 Kbps,无字幕或内嵌字幕,再塑一个我.flv,0,中国电影2
617,M1905电影网,再生记, 626 MiB,720 * 576, 1h 36mn,903 Kbps,无字幕或内嵌字幕,再生记.flv,0,中国电影2
618,M1905电影网,刑警荣誉, 619 MiB,1280 * 744, 1h 25mn,1009 Kbps,无字幕或内嵌字幕,刑警荣誉.flv,0,中国电影2
619,M1905电影网,勿忘我, 697 MiB,1280 * 738, 1h 36mn,1008 Kbps,无字幕或内嵌字幕,勿忘我.flv,0,中国电影2
620,M1905电影网,卧槽马, 553 MiB,1280 * 544, 1h 25mn,905 Kbps,无字幕或内嵌字幕,卧槽马.flv,0,中国电影2
621,M1905电影网,危情狂蝶, 620 MiB,1280 * 728, 1h 26mn,1000 Kbps,无字幕或内嵌字幕,危情狂蝶.flv,0,中国电影2
622,M1905电影网,危情营救, 636 MiB,1280 * 544, 1h 28mn,1005 Kbps,无字幕或内嵌字幕,危情营救.flv,0,中国电影2
623,M1905电影网,危难关头, 358 MiB,720 * 448, 1h 27mn,571 Kbps,无字幕或内嵌字幕,危难关头.flv,0,中国电影2
624,M1905电影网,友谊, 448 MiB,720 * 576, 1h 9mn,903 Kbps,无字幕或内嵌字幕,友谊.flv,0,中国电影2
625,M1905电影网,向导, 596 MiB,720 * 576, 1h 32mn,901 Kbps,无字幕或内嵌字幕,向导.flv,0,中国电影2
626,M1905电影网,周恩来, 1.00 GiB,1920 * 816, 2h 38mn,903 Kbps,无字幕或内嵌字幕,周恩来.flv,0,中国电影2
627,M1905电影网,喜剧明星, 383 MiB,720 * 406, 1h 28mn,603 Kbps,无字幕或内嵌字幕,喜剧明星.flv,0,中国电影2
628,M1905电影网,喜怒哀乐, 459 MiB,720 * 448, 1h 11mn,899 Kbps,无字幕或内嵌字幕,喜怒哀乐.flv,0,中国电影2
629,M1905电影网,喜盈门, 731 MiB,1280 * 984, 1h 41mn,1008 Kbps,无字幕或内嵌字幕,喜盈门.flv,0,中国电影2
630,M1905电影网,夏天的故事, 542 MiB,720 * 576, 1h 23mn,903 Kbps,无字幕或内嵌字幕,夏天的故事.flv,0,中国电影2
631,M1905电影网,外滩龙蛇, 656 MiB,1280 * 956, 1h 31mn,1004 Kbps,无字幕或内嵌字幕,外滩龙蛇.flv,0,中国电影2
632,M1905电影网,夜航, 516 MiB,720 * 576, 1h 19mn,903 Kbps,无字幕或内嵌字幕,夜航.flv,0,中国电影2
633,M1905电影网,夜色多美好, 706 MiB,1280 * 828, 1h 38mn,1006 Kbps,无字幕或内嵌字幕,夜色多美好.flv,0,中国电影2
634,M1905电影网,夜走鬼城, 613 MiB,1280 * 732, 1h 25mn,1004 Kbps,无字幕或内嵌字幕,夜走鬼城.flv,0,中国电影2
635,M1905电影网,媳妇你当家, 295 MiB,720 * 448, 1h 27mn,473 Kbps,无字幕或内嵌字幕,媳妇你当家.flv,0,中国电影2
636,M1905电影网,子夜枪声, 611 MiB,1280 * 714, 1h 24mn,1006 Kbps,无字幕或内嵌字幕,子夜枪声.flv,0,中国电影2
637,M1905电影网,孝行天下, 556 MiB,1920 * 818, 1h 26mn,901 Kbps,无字幕或内嵌字幕,孝行天下.flv,0,中国电影2
638,M1905电影网,学花站长, 651 MiB,1280 * 714, 1h 30mn,1006 Kbps,无字幕或内嵌字幕,学花站长.flv,0,中国电影2
639,M1905电影网,寻仇阴阳界, 615 MiB,1280 * 706, 1h 25mn,1006 Kbps,无字幕或内嵌字幕,寻仇阴阳界.flv,0,中国电影2
640,M1905电影网,寻爱记, 415 MiB,720 * 576, 1h 4mn,903 Kbps,无字幕或内嵌字幕,寻爱记.flv,0,中国电影2
641,M1905电影网,小二黑结婚, 572 MiB,1280 * 984, 1h 19mn,1008 Kbps,无字幕或内嵌字幕,小二黑结婚.flv,0,中国电影2
642,M1905电影网,小伙伴, 437 MiB,720 * 576, 1h 7mn,903 Kbps,无字幕或内嵌字幕,小伙伴.flv,0,中国电影2
643,M1905电影网,小偷捉贼记, 640 MiB,1280 * 722, 1h 29mn,996 Kbps,无字幕或内嵌字幕,小偷捉贼记.flv,0,中国电影2
644,M1905电影网,小兵张嘎, 778 MiB,720 * 576, 1h 41mn,1071 Kbps,无字幕或内嵌字幕,小兵张嘎.flv,0,中国电影2
645,M1905电影网,小城里的总统套房, 647 MiB,1280 * 962, 1h 29mn,1008 Kbps,无字幕或内嵌字幕,小城里的总统套房.flv,0,中国电影2
646,M1905电影网,小白旗的风波, 408 MiB,1280 * 996, 56mn 35s,1007 Kbps,无字幕或内嵌字幕,小白旗的风波.flv,0,中国电影2
647,M1905电影网,小镇大款, 641 MiB,1280 * 714, 1h 29mn,997 Kbps,无字幕或内嵌字幕,小镇大款.flv,0,中国电影2
648,M1905电影网,峡江疑影, 639 MiB,1280 * 726, 1h 28mn,1014 Kbps,无字幕或内嵌字幕,峡江疑影.flv,0,中国电影2
649,M1905电影网,希望, 943 MiB,1280 * 1008, 2h 10mn,1008 Kbps,无字幕或内嵌字幕,希望.flv,0,中国电影2
650,M1905电影网,幸运搜索, 632 MiB,1280 * 840, 1h 27mn,1012 Kbps,无字幕或内嵌字幕,幸运搜索.flv,0,中国电影2
651,M1905电影网,幽魂奇恋, 612 MiB,1280 * 732, 1h 24mn,1008 Kbps,无字幕或内嵌字幕,幽魂奇恋.flv,0,中国电影2
652,M1905电影网,延安游击队, 601 MiB,720 * 576, 1h 33mn,903 Kbps,无字幕或内嵌字幕,延安游击队.flv,0,中国电影2
653,M1905电影网,异想天开, 657 MiB,1280 * 768, 1h 31mn,1006 Kbps,无字幕或内嵌字幕,异想天开.flv,0,中国电影2
654,M1905电影网,征服死亡地带, 741 MiB,1280 * 714, 1h 42mn,1011 Kbps,无字幕或内嵌字幕,征服死亡地带.flv,0,中国电影2
655,M1905电影网,心灵深处(长影1982), 683 MiB,720 * 576, 1h 45mn,903 Kbps,无字幕或内嵌字幕,心灵深处(长影1982).flv,0,中国电影2
656,M1905电影网,心连心, 595 MiB,720 * 576, 1h 32mn,903 Kbps,无字幕或内嵌字幕,心连心.flv,0,中国电影2
657,M1905电影网,悠悠故人情, 670 MiB,1280 * 546, 1h 43mn,903 Kbps,无字幕或内嵌字幕,悠悠故人情.flv,0,中国电影2
658,M1905电影网,想入非非, 302 MiB,720 * 448, 1h 29mn,473 Kbps,无字幕或内嵌字幕,想入非非.flv,0,中国电影2
659,M1905电影网,我不是一个坏女孩, 333 MiB,720 * 576, 1h 38mn,473 Kbps,无字幕或内嵌字幕,我不是一个坏女孩.flv,0,中国电影2
660,M1905电影网,我们是一代人, 633 MiB,720 * 576, 1h 37mn,903 Kbps,无字幕或内嵌字幕,我们是一代人.flv,0,中国电影2
661,M1905电影网,我们村里的年轻人, 344 MiB,720 * 448, 1h 41mn,473 Kbps,无字幕或内嵌字幕,我们村里的年轻人.flv,0,中国电影2
662,M1905电影网,我们结婚吧, 588 MiB,1280 * 720, 1h 30mn,903 Kbps,无字幕或内嵌字幕,我们结婚吧.flv,0,中国电影2
663,M1905电影网,我的兄弟姐妹, 567 MiB,720 * 448, 1h 30mn,873 Kbps,无字幕或内嵌字幕,我的兄弟姐妹.flv,0,中国电影2
664,M1905电影网,我的夏天, 387 MiB,720 * 448, 1h 31mn,592 Kbps,无字幕或内嵌字幕,我的夏天.flv,0,中国电影2
665,M1905电影网,战争子午线, 667 MiB,1280 * 578, 1h 32mn,1007 Kbps,无字幕或内嵌字幕,战争子午线.flv,0,中国电影2
666,M1905电影网,战地之星, 307 MiB,720 * 448, 1h 30mn,473 Kbps,无字幕或内嵌字幕,战地之星.flv,0,中国电影2
667,M1905电影网,战斗年华, 298 MiB,720 * 448, 1h 28mn,473 Kbps,无字幕或内嵌字幕,战斗年华.flv,0,中国电影2
668,M1905电影网,战斗里成长, 598 MiB,720 * 576, 1h 32mn,903 Kbps,无字幕或内嵌字幕,战斗里成长.flv,0,中国电影2
669,M1905电影网,战火中的青春, 393 MiB,720 * 576, 1h 32mn,592 Kbps,无字幕或内嵌字幕,战火中的青春.flv,0,中国电影2
670,M1905电影网,抓壮丁, 695 MiB,1280 * 966, 1h 35mn,1012 Kbps,无字幕或内嵌字幕,抓壮丁.flv,0,中国电影2
671,M1905电影网,押上刑场, 565 MiB,1280 * 720, 1h 30mn,873 Kbps,无字幕或内嵌字幕,押上刑场.flv,0,中国电影2
672,M1905电影网,捉贼记, 547 MiB,1280 * 720, 1h 25mn,893 Kbps,无字幕或内嵌字幕,捉贼记.flv,0,中国电影2
673,M1905电影网,摇滚杀手, 283 MiB,720 * 448, 1h 23mn,473 Kbps,无字幕或内嵌字幕,摇滚杀手.flv,0,中国电影2
674,M1905电影网,斩断魔爪, 563 MiB,720 * 576, 1h 27mn,900 Kbps,无字幕或内嵌字幕,斩断魔爪.flv,0,中国电影2
675,M1905电影网,新中国第一大案, 715 MiB,1280 * 728, 1h 39mn,1006 Kbps,无字幕或内嵌字幕,新中国第一大案.flv,0,中国电影2
676,M1905电影网,新局长到来之前, 300 MiB,720 * 576, 46mn 31s,903 Kbps,无字幕或内嵌字幕,新局长到来之前.flv,0,中国电影2
677,M1905电影网,无名三侠客, 574 MiB,720 * 448, 1h 28mn,903 Kbps,无字幕或内嵌字幕,无名三侠客.flv,0,中国电影2
678,M1905电影网,无名岛, 548 MiB,720 * 576, 1h 24mn,902 Kbps,无字幕或内嵌字幕,无名岛.flv,0,中国电影2
679,M1905电影网,无形的战线, 331 MiB,720 * 576, 1h 37mn,473 Kbps,无字幕或内嵌字幕,无形的战线.flv,0,中国电影2
680,M1905电影网,无心男人, 648 MiB,1280 * 714, 1h 30mn,1005 Kbps,无字幕或内嵌字幕,无心男人.flv,0,中国电影2
681,M1905电影网,无敌铁砂掌, 555 MiB,720 * 448, 1h 25mn,903 Kbps,无字幕或内嵌字幕,无敌铁砂掌.flv,0,中国电影2
682,M1905电影网,无枪枪手, 697 MiB,1280 * 744, 1h 36mn,1010 Kbps,无字幕或内嵌字幕,无枪枪手.flv,0,中国电影2
683,M1905电影网,早春二月, 784 MiB,1280 * 942, 1h 49mn,1005 Kbps,无字幕或内嵌字幕,早春二月.flv,0,中国电影2
684,M1905电影网,智勇和尚, 588 MiB,1280 * 720, 1h 31mn,902 Kbps,无字幕或内嵌字幕,智勇和尚.flv,0,中国电影2
685,M1905电影网,智斗美女蛇, 593 MiB,720 * 576, 1h 31mn,902 Kbps,无字幕或内嵌字幕,智斗美女蛇.flv,0,中国电影2
686,M1905电影网,最后的疯狂, 665 MiB,1280 * 732, 1h 32mn,1004 Kbps,无字幕或内嵌字幕,最后的疯狂.flv,0,中国电影2
687,M1905电影网,月落玉长河, 814 MiB,1280 * 984, 1h 53mn,1005 Kbps,无字幕或内嵌字幕,月落玉长河.flv,0,中国电影2
688,M1905电影网,杨德财征婚, 606 MiB,1920 * 1036, 1h 34mn,901 Kbps,无字幕或内嵌字幕,杨德财征婚.flv,0,中国电影2
689,M1905电影网,正青春, 671 MiB,1280 * 714, 1h 34mn,995 Kbps,无字幕或内嵌字幕,正青春.flv,0,中国电影2
690,M1905电影网,武仙, 542 MiB,720 * 448, 1h 24mn,891 Kbps,无字幕或内嵌字幕,武仙.flv,0,中国电影2
691,M1905电影网,武当, 605 MiB,720 * 576, 1h 33mn,903 Kbps,无字幕或内嵌字幕,武当.flv,0,中国电影2
692,M1905电影网,武当少年, 586 MiB,1920 * 1080, 1h 30mn,903 Kbps,无字幕或内嵌字幕,武当少年.flv,0,中国电影2
693,M1905电影网,武当龙影, 578 MiB,1920 * 1080, 1h 29mn,903 Kbps,无字幕或内嵌字幕,武当龙影.flv,0,中国电影2
694,M1905电影网,武林志, 644 MiB,720 * 576, 1h 39mn,903 Kbps,无字幕或内嵌字幕,武林志.flv,0,中国电影2
695,M1905电影网,永失我爱, 588 MiB,1920 * 1036, 1h 31mn,901 Kbps,无字幕或内嵌字幕,永失我爱.flv,0,中国电影2
696,M1905电影网,永贻芬芳, 532 MiB,1280 * 720, 1h 26mn,864 Kbps,无字幕或内嵌字幕,永贻芬芳.flv,0,中国电影2
697,M1905电影网,洋老板 女司机, 638 MiB,1280 * 726, 1h 28mn,1005 Kbps,无字幕或内嵌字幕,洋老板 女司机.flv,0,中国电影2
698,M1905电影网,洗澡, 651 MiB,1280 * 714, 1h 30mn,1009 Kbps,无字幕或内嵌字幕,洗澡.flv,0,中国电影2
699,M1905电影网,浴血太行, 662 MiB,1280 * 720, 1h 42mn,903 Kbps,无字幕或内嵌字幕,浴血太行.flv,0,中国电影2
700,M1905电影网,浴血疆城, 694 MiB,1280 * 744, 1h 37mn,998 Kbps,无字幕或内嵌字幕,浴血疆城.flv,0,中国电影2
701,M1905电影网,浴血红马车, 613 MiB,1280 * 710, 1h 25mn,1002 Kbps,无字幕或内嵌字幕,浴血红马车.flv,0,中国电影2
702,M1905电影网,浴血雁门关, 568 MiB,1280 * 720, 1h 29mn,893 Kbps,无字幕或内嵌字幕,浴血雁门关.flv,0,中国电影2
703,M1905电影网,渔岛之子, 442 MiB,720 * 576, 1h 8mn,902 Kbps,无字幕或内嵌字幕,渔岛之子.flv,0,中国电影2
704,M1905电影网,游侠红牡丹, 533 MiB,1920 * 1080, 1h 22mn,903 Kbps,无字幕或内嵌字幕,游侠红牡丹.flv,0,中国电影2
705,M1905电影网,游侠黑蝴蝶, 873 MiB,1280 * 754, 2h 15mn,903 Kbps,无字幕或内嵌字幕,游侠黑蝴蝶.flv,0,中国电影2
706,M1905电影网,游园惊梦, 230 MiB,720 * 576, 35mn 34s,903 Kbps,无字幕或内嵌字幕,游园惊梦.flv,0,中国电影2
707,M1905电影网,湘南起义, 578 MiB,1280 * 718, 1h 29mn,903 Kbps,无字幕或内嵌字幕,湘南起义.flv,0,中国电影2
708,M1905电影网,湘女萧萧, 318 MiB,720 * 336, 1h 33mn,473 Kbps,无字幕或内嵌字幕,湘女萧萧.flv,0,中国电影2
709,M1905电影网,湘西剿匪记 上, 741 MiB,1280 * 594, 1h 42mn,1007 Kbps,无字幕或内嵌字幕,湘西剿匪记 上.flv,0,中国电影2
710,M1905电影网,湘西剿匪记 下, 731 MiB,1280 * 544, 1h 41mn,1012 Kbps,无字幕或内嵌字幕,湘西剿匪记 下.flv,0,中国电影2
711,M1905电影网,熊猫历险记, 577 MiB,720 * 576, 1h 29mn,903 Kbps,无字幕或内嵌字幕,熊猫历险记.flv,0,中国电影2
712,M1905电影网,熊迹, 734 MiB,720 * 576, 1h 53mn,902 Kbps,无字幕或内嵌字幕,熊迹.flv,0,中国电影2
713,M1905电影网,燕子盗, 558 MiB,720 * 576, 1h 26mn,903 Kbps,无字幕或内嵌字幕,燕子盗.flv,0,中国电影2
714,M1905电影网,爷儿俩开歌厅, 305 MiB,720 * 576, 1h 30mn,473 Kbps,无字幕或内嵌字幕,爷儿俩开歌厅.flv,0,中国电影2
715,M1905电影网,玉手迷踪, 620 MiB,1280 * 720, 1h 35mn,902 Kbps,无字幕或内嵌字幕,玉手迷踪.flv,0,中国电影2
716,M1905电影网,王府刀客, 602 MiB,1280 * 738, 1h 23mn,1003 Kbps,无字幕或内嵌字幕,王府刀客.flv,0,中国电影2
717,M1905电影网,现代角斗士, 648 MiB,1280 * 714, 1h 30mn,997 Kbps,无字幕或内嵌字幕,现代角斗士.flv,0,中国电影2
718,M1905电影网,真假情人, 644 MiB,1280 * 714, 1h 29mn,1005 Kbps,无字幕或内嵌字幕,真假情人.flv,0,中国电影2
719,M1905电影网,知音, 760 MiB,1280 * 546, 1h 45mn,1005 Kbps,无字幕或内嵌字幕,知音.flv,0,中国电影2
720,M1905电影网,祖国的花朵, 489 MiB,720 * 576, 1h 15mn,903 Kbps,无字幕或内嵌字幕,祖国的花朵.flv,0,中国电影2
721,M1905电影网,站直！别趴下, 373 MiB,720 * 448, 1h 50mn,473 Kbps,无字幕或内嵌字幕,站直！别趴下.flv,0,中国电影2
722,M1905电影网,笑功震武林, 356 MiB,720 * 306, 1h 27mn,571 Kbps,无字幕或内嵌字幕,笑功震武林.flv,0,中国电影2
723,M1905电影网,笑破情网, 303 MiB,720 * 576, 1h 29mn,473 Kbps,无字幕或内嵌字幕,笑破情网.flv,0,中国电影2
724,M1905电影网,笑逐颜开, 670 MiB,720 * 576, 1h 43mn,903 Kbps,无字幕或内嵌字幕,笑逐颜开.flv,0,中国电影2
725,M1905电影网,羊城奇遇记, 396 MiB,720 * 576, 1h 33mn,592 Kbps,无字幕或内嵌字幕,羊城奇遇记.flv,0,中国电影2
726,M1905电影网,羊城暗哨, 395 MiB,720 * 576, 1h 36mn,573 Kbps,无字幕或内嵌字幕,羊城暗哨.flv,0,中国电影2
727,M1905电影网,自古英雄出少年, 603 MiB,1280 * 840, 1h 23mn,1005 Kbps,无字幕或内嵌字幕,自古英雄出少年.flv,0,中国电影2
728,M1905电影网,自有后来人, 699 MiB,1280 * 1070, 1h 36mn,1012 Kbps,无字幕或内嵌字幕,自有后来人.flv,0,中国电影2
729,M1905电影网,自豪吧，母亲, 737 MiB,1280 * 996, 1h 42mn,1010 Kbps,无字幕或内嵌字幕,自豪吧，母亲.flv,0,中国电影2
730,M1905电影网,致命密函, 621 MiB,1280 * 720, 1h 36mn,902 Kbps,无字幕或内嵌字幕,致命密函.flv,0,中国电影2
731,M1905电影网,致命的人证, 563 MiB,1280 * 738, 1h 18mn,1008 Kbps,无字幕或内嵌字幕,致命的人证.flv,0,中国电影2
732,M1905电影网,英雄喋血, 689 MiB,1280 * 544, 1h 47mn,892 Kbps,无字幕或内嵌字幕,英雄喋血.flv,0,中国电影2
733,M1905电影网,英雄坦克手, 496 MiB,1280 * 962, 1h 8mn,1007 Kbps,无字幕或内嵌字幕,英雄坦克手.flv,0,中国电影2
734,M1905电影网,英雄小八路, 650 MiB,1280 * 996, 1h 30mn,1010 Kbps,无字幕或内嵌字幕,英雄小八路.flv,0,中国电影2
735,M1905电影网,英雄无界, 308 MiB,720 * 576, 1h 31mn,473 Kbps,无字幕或内嵌字幕,英雄无界.flv,0,中国电影2
736,M1905电影网,英雄无语, 692 MiB,1280 * 722, 1h 36mn,1003 Kbps,无字幕或内嵌字幕,英雄无语.flv,0,中国电影2
737,M1905电影网,英雄荒芜路, 575 MiB,1280 * 714, 1h 20mn,1003 Kbps,无字幕或内嵌字幕,英雄荒芜路.flv,0,中国电影2
738,M1905电影网,英雄郑成功, 627 MiB,1280 * 720, 1h 37mn,903 Kbps,无字幕或内嵌字幕,英雄郑成功.flv,0,中国电影2
739,M1905电影网,血书情(长影1985), 629 MiB,1280 * 912, 1h 27mn,1008 Kbps,无字幕或内嵌字幕,血书情(长影1985).flv,0,中国电影2
740,M1905电影网,血性山谷, 524 MiB,1280 * 720, 1h 21mn,903 Kbps,无字幕或内嵌字幕,血性山谷.flv,0,中国电影2
741,M1905电影网,血战午城, 642 MiB,1280 * 714, 1h 30mn,996 Kbps,无字幕或内嵌字幕,血战午城.flv,0,中国电影2
742,M1905电影网,血战天狮号, 626 MiB,1280 * 684, 1h 26mn,1009 Kbps,无字幕或内嵌字幕,血战天狮号.flv,0,中国电影2
743,M1905电影网,血搏敌枭, 629 MiB,1280 * 700, 1h 27mn,1009 Kbps,无字幕或内嵌字幕,血搏敌枭.flv,0,中国电影2
744,M1905电影网,血染桃花水, 618 MiB,1280 * 732, 1h 25mn,1006 Kbps,无字幕或内嵌字幕,血染桃花水.flv,0,中国电影2
745,M1905电影网,血泊皇陵(福建1990), 653 MiB,1280 * 694, 1h 31mn,998 Kbps,无字幕或内嵌字幕,血泊皇陵(福建1990).flv,0,中国电影2
746,M1905电影网,血泪情仇, 611 MiB,720 * 336, 1h 34mn,903 Kbps,无字幕或内嵌字幕,血泪情仇.flv,0,中国电影2
747,M1905电影网,血洒天涯, 646 MiB,1280 * 744, 1h 29mn,1008 Kbps,无字幕或内嵌字幕,血洒天涯.flv,0,中国电影2
748,M1905电影网,血浴羊山, 574 MiB,1280 * 720, 1h 28mn,903 Kbps,无字幕或内嵌字幕,血浴羊山.flv,0,中国电影2
749,M1905电影网,血溅加拉曼, 291 MiB,720 * 576, 1h 26mn,473 Kbps,无字幕或内嵌字幕,血溅加拉曼.flv,0,中国电影2
750,M1905电影网,血溅秋风楼, 631 MiB,720 * 448, 1h 38mn,900 Kbps,无字幕或内嵌字幕,血溅秋风楼.flv,0,中国电影2
751,M1905电影网,血祭黄沙镇, 565 MiB,720 * 576, 1h 27mn,903 Kbps,无字幕或内嵌字幕,血祭黄沙镇.flv,0,中国电影2
752,M1905电影网,血色清晨, 601 MiB,1920 * 1044, 1h 32mn,903 Kbps,无字幕或内嵌字幕,血色清晨.flv,0,中国电影2
753,M1905电影网,血色玫瑰, 581 MiB,1280 * 738, 1h 21mn,998 Kbps,无字幕或内嵌字幕,血色玫瑰.flv,0,中国电影2
754,M1905电影网,血色西峪, 672 MiB,1280 * 682, 1h 32mn,1012 Kbps,无字幕或内嵌字幕,血色西峪.flv,0,中国电影2
755,M1905电影网,血魂, 287 MiB,720 * 448, 1h 24mn,473 Kbps,无字幕或内嵌字幕,血魂.flv,0,中国电影2
756,M1905电影网,西域响马 1995 西影, 611 MiB,1280 * 714, 1h 24mn,1006 Kbps,无字幕或内嵌字幕,西域响马 1995 西影.flv,0,中国电影2
757,M1905电影网,西域情仇, 576 MiB,1280 * 720, 1h 29mn,903 Kbps,无字幕或内嵌字幕,西域情仇.flv,0,中国电影2
758,M1905电影网,西域铁骑, 558 MiB,1920 * 1080, 1h 26mn,903 Kbps,无字幕或内嵌字幕,西域铁骑.flv,0,中国电影2
759,M1905电影网,西子姑娘, 654 MiB,1280 * 828, 1h 30mn,1008 Kbps,无字幕或内嵌字幕,西子姑娘.flv,0,中国电影2
760,M1905电影网,西安事变（上）, 578 MiB,1280 * 970, 1h 20mn,1004 Kbps,无字幕或内嵌字幕,西安事变（上）.flv,0,中国电影2
761,M1905电影网,西安事变（下）, 668 MiB,1280 * 984, 1h 32mn,1004 Kbps,无字幕或内嵌字幕,西安事变（下）.flv,0,中国电影2
762,M1905电影网,西行囚车, 620 MiB,1280 * 744, 1h 26mn,1002 Kbps,无字幕或内嵌字幕,西行囚车.flv,0,中国电影2
763,M1905电影网,西部狂野, 616 MiB,1280 * 732, 1h 25mn,1011 Kbps,无字幕或内嵌字幕,西部狂野.flv,0,中国电影2
764,M1905电影网,西门警事, 319 MiB,720 * 448, 1h 34mn,473 Kbps,无字幕或内嵌字幕,西门警事.flv,0,中国电影2
765,M1905电影网,西风烈, 548 MiB,1280 * 720, 1h 27mn,874 Kbps,无字幕或内嵌字幕,西风烈.flv,0,中国电影2
766,M1905电影网,许茂和他的女儿们, 650 MiB,720 * 576, 1h 40mn,903 Kbps,无字幕或内嵌字幕,许茂和他的女儿们.flv,0,中国电影2
767,M1905电影网,诱捕之后, 719 MiB,1280 * 996, 1h 39mn,1012 Kbps,无字幕或内嵌字幕,诱捕之后.flv,0,中国电影2
768,M1905电影网,贞女, 648 MiB,720 * 448, 1h 40mn,900 Kbps,无字幕或内嵌字幕,贞女.flv,0,中国电影2
769,M1905电影网,赚它一千万, 335 MiB,720 * 576, 1h 38mn,473 Kbps,无字幕或内嵌字幕,赚它一千万.flv,0,中国电影2
770,M1905电影网,走出死亡陷阱, 627 MiB,1280 * 714, 1h 27mn,1001 Kbps,无字幕或内嵌字幕,走出死亡陷阱.flv,0,中国电影2
771,M1905电影网,走出硝烟的女神, 704 MiB,1280 * 580, 1h 37mn,1011 Kbps,无字幕或内嵌字幕,走出硝烟的女神.flv,0,中国电影2
772,M1905电影网,走向新中国, 604 MiB,720 * 576, 1h 33mn,903 Kbps,无字幕或内嵌字幕,走向新中国.flv,0,中国电影2
773,M1905电影网,走四方, 651 MiB,1280 * 720, 1h 40mn,903 Kbps,无字幕或内嵌字幕,走四方.flv,0,中国电影2
774,M1905电影网,走过严冬, 592 MiB,720 * 448, 1h 31mn,902 Kbps,无字幕或内嵌字幕,走过严冬.flv,0,中国电影2
775,M1905电影网,赵一曼, 312 MiB,720 * 576, 1h 32mn,473 Kbps,无字幕或内嵌字幕,赵一曼.flv,0,中国电影2
776,M1905电影网,赵小兰, 330 MiB,720 * 576, 51mn 8s,903 Kbps,无字幕或内嵌字幕,赵小兰.flv,0,中国电影2
777,M1905电影网,越位者, 588 MiB,1280 * 720, 1h 31mn,903 Kbps,无字幕或内嵌字幕,越位者.flv,0,中国电影2
778,M1905电影网,辛亥革命, 726 MiB,1920 * 894, 1h 52mn,903 Kbps,无字幕或内嵌字幕,辛亥革命.flv,0,中国电影2
779,M1905电影网,辛弃疾铁血传奇, 576 MiB,1920 * 1094, 1h 29mn,903 Kbps,无字幕或内嵌字幕,辛弃疾铁血传奇.flv,0,中国电影2
780,M1905电影网,这决不是小事情, 407 MiB,720 * 576, 1h 3mn,903 Kbps,无字幕或内嵌字幕,这决不是小事情.flv,0,中国电影2
781,M1905电影网,远东间谍战, 713 MiB,1280 * 732, 1h 38mn,1007 Kbps,无字幕或内嵌字幕,远东间谍战.flv,0,中国电影2
782,M1905电影网,远方星火, 584 MiB,720 * 576, 1h 30mn,903 Kbps,无字幕或内嵌字幕,远方星火.flv,0,中国电影2
783,M1905电影网,远离人群的地方, 741 MiB,1280 * 732, 1h 42mn,1007 Kbps,无字幕或内嵌字幕,远离人群的地方.flv,0,中国电影2
784,M1905电影网,追捕野狼帮, 568 MiB,1920 * 1076, 1h 27mn,903 Kbps,无字幕或内嵌字幕,追捕野狼帮.flv,0,中国电影2
785,M1905电影网,追杀刑警, 673 MiB,1280 * 714, 1h 32mn,1012 Kbps,无字幕或内嵌字幕,追杀刑警.flv,0,中国电影2
786,M1905电影网,遥远的约定, 536 MiB,1280 * 720, 1h 23mn,901 Kbps,无字幕或内嵌字幕,遥远的约定.flv,0,中国电影2
787,M1905电影网,醉鬼张三, 632 MiB,1280 * 984, 1h 28mn,1004 Kbps,无字幕或内嵌字幕,醉鬼张三.flv,0,中国电影2
788,M1905电影网,重振精武门, 561 MiB,720 * 448, 1h 26mn,903 Kbps,无字幕或内嵌字幕,重振精武门.flv,0,中国电影2
789,M1905电影网,钟鸣寒山寺, 703 MiB,1280 * 832, 1h 37mn,1008 Kbps,无字幕或内嵌字幕,钟鸣寒山寺.flv,0,中国电影2
790,M1905电影网,锡城的故事, 612 MiB,720 * 576, 1h 34mn,903 Kbps,无字幕或内嵌字幕,锡城的故事.flv,0,中国电影2
791,M1905电影网,长虹号起义, 701 MiB,1280 * 984, 1h 37mn,1006 Kbps,无字幕或内嵌字幕,长虹号起义.flv,0,中国电影2
792,M1905电影网,阴阳判官, 548 MiB,1280 * 720, 1h 24mn,903 Kbps,无字幕或内嵌字幕,阴阳判官.flv,0,中国电影2
793,M1905电影网,雨后, 725 MiB,1280 * 828, 1h 40mn,1007 Kbps,无字幕或内嵌字幕,雨后.flv,0,中国电影2
794,M1905电影网,雪国情仇, 469 MiB,1280 * 720, 1h 16mn,863 Kbps,无字幕或内嵌字幕,雪国情仇.flv,0,中国电影2
795,M1905电影网,雪海银山, 325 MiB,720 * 576, 50mn 22s,901 Kbps,无字幕或内嵌字幕,雪海银山.flv,0,中国电影2
796,M1905电影网,雾宅, 594 MiB,1280 * 702, 1h 32mn,903 Kbps,无字幕或内嵌字幕,雾宅.flv,0,中国电影2
797,M1905电影网,雾江奇案, 635 MiB,1280 * 720, 1h 38mn,902 Kbps,无字幕或内嵌字幕,雾江奇案.flv,0,中国电影2
798,M1905电影网,香港少爷, 330 MiB,720 * 448, 1h 37mn,473 Kbps,无字幕或内嵌字幕,香港少爷.flv,0,中国电影2
799,M1905电影网,香魂女, 727 MiB,1280 * 744, 1h 40mn,1011 Kbps,无字幕或内嵌字幕,香魂女.flv,0,中国电影2
